# Blender 4.5.3 LTS
# www.blender.org
mtllib homer.mtl
o Shoes
v -12.284512 0.053564 -14.691230
v -12.267567 1.041679 -14.813102
v -12.479027 0.100843 -16.511137
v -12.479027 1.137963 -16.511137
v -10.934328 0.053564 -14.835539
v -10.947384 1.041679 -14.954205
v -11.128843 0.100843 -16.655447
v -11.128843 1.137963 -16.655447
v -11.811411 0.056621 -16.653233
v -11.811411 1.249189 -16.653233
v -11.520437 0.049699 -13.930843
v -11.508696 0.954292 -14.199913
v -12.458832 0.283707 -15.612335
v -12.447531 1.241847 -15.620715
v -10.958624 0.283707 -15.772680
v -10.967329 1.241848 -15.778922
v -11.695852 1.585649 -15.610929
v -11.689295 0.271582 -15.510700
v -12.361221 0.502891 -14.723393
v -12.561514 0.546679 -16.573061
v -11.061308 0.546679 -16.733406
v -10.861015 0.502891 -14.883739
v -11.478495 0.471787 -13.635573
v -11.826363 0.546679 -16.793118
v -10.815081 0.589890 -15.849317
v -12.615328 0.589890 -15.656903
v -12.500628 1.266422 -16.003387
v -11.000420 0.124429 -16.163733
v -12.500626 0.124429 -16.003387
v -11.000422 1.266422 -16.163731
v -11.750525 1.661209 -16.083561
v -11.750523 0.049546 -16.083561
v -10.850399 0.560241 -16.179768
v -12.650648 0.560241 -15.987354
v -11.592112 1.231589 -14.826277
v -13.646421 0.053563 -14.691228
v -13.663368 1.041678 -14.813101
v -13.451908 0.100843 -16.511135
v -13.451910 1.137963 -16.511135
v -14.996609 0.053563 -14.835537
v -14.983547 1.041678 -14.954205
v -14.802095 0.100843 -16.655447
v -14.802095 1.137964 -16.655445
v -14.119528 0.056621 -16.653233
v -14.119528 1.249189 -16.653233
v -14.410500 0.049699 -13.930843
v -14.422239 0.954291 -14.199913
v -13.472107 0.283707 -15.612334
v -13.483406 1.241847 -15.620715
v -14.972315 0.283707 -15.772680
v -14.963608 1.241848 -15.778921
v -14.235083 1.585650 -15.610929
v -14.241642 0.271582 -15.510699
v -13.569715 0.502890 -14.723392
v -13.369423 0.546679 -16.573061
v -14.869631 0.546680 -16.733406
v -15.069920 0.502890 -14.883739
v -14.452444 0.471786 -13.635571
v -14.104574 0.546680 -16.793118
v -15.115858 0.589889 -15.849317
v -13.315609 0.589889 -15.656903
v -13.430313 1.266422 -16.003387
v -14.930517 0.124429 -16.163733
v -13.430309 0.124429 -16.003387
v -14.930517 1.266423 -16.163734
v -14.180414 1.661210 -16.083559
v -14.180414 0.049547 -16.083559
v -15.080536 0.560242 -16.179768
v -13.280291 0.560241 -15.987353
v -14.338827 1.231589 -14.826277
v -12.398035 0.143278 -15.165120
v -12.345282 0.842721 -14.771172
v -12.517658 1.221120 -16.284332
v -12.547384 0.256277 -16.562452
v -12.231716 0.064196 -16.596193
v -11.388544 1.218966 -16.686314
v -11.072876 0.256277 -16.720051
v -11.043150 0.072672 -16.441931
v -10.943537 1.152345 -15.359669
v -10.873438 0.181141 -14.857128
v -11.134457 0.023334 -14.309020
v -11.950460 1.020482 -14.445086
v -11.388542 0.064196 -16.686314
v -12.231716 1.218966 -16.596195
v -11.977627 0.023334 -14.218899
v -11.150768 1.020482 -14.530559
v -11.563343 1.123584 -14.617680
v -11.604458 0.149710 -14.716971
v -11.483734 0.190654 -13.599612
v -11.824492 0.250544 -16.775633
v -12.482563 0.246050 -15.834390
v -12.372068 1.152345 -15.206985
v -10.923527 0.143278 -15.322719
v -10.983444 1.276276 -15.995513
v -11.730850 1.703466 -15.904365
v -11.730032 0.199355 -15.891835
v -12.127892 0.264820 -15.532779
v -11.285738 1.482267 -15.661470
v -12.105846 1.482267 -15.573817
v -11.265272 0.264820 -15.624977
v -10.833023 0.381554 -15.839737
v -12.595766 0.381554 -15.651331
v -12.347946 0.181140 -14.699530
v -12.547384 0.891869 -16.562454
v -11.072876 0.891869 -16.720051
v -10.875494 0.842721 -14.928265
v -11.482267 0.740181 -13.851851
v -11.824492 0.905250 -16.775631
v -10.834112 0.909734 -15.840517
v -12.594353 0.909734 -15.652380
v -12.558701 0.552289 -15.307581
v -10.833145 0.584290 -16.018343
v -12.255802 0.546679 -16.729534
v -11.092909 0.477302 -14.082166
v -11.955528 0.477301 -13.989968
v -10.795958 0.552289 -15.495986
v -11.393183 0.546679 -16.821732
v -12.662745 0.548375 -16.277996
v -12.481152 1.276275 -15.835436
v -10.982361 0.246051 -15.994734
v -12.517658 0.072672 -16.284332
v -11.043150 1.221120 -16.441931
v -11.781374 1.506305 -16.372196
v -11.781372 -0.010597 -16.372200
v -10.900002 0.548375 -16.466402
v -12.633394 0.584289 -15.825930
v -12.631893 0.291229 -15.989358
v -10.869150 0.291229 -16.177763
v -10.869150 0.909099 -16.177761
v -11.319212 0.058907 -16.129662
v -12.181831 1.547235 -16.037460
v -11.319214 1.547235 -16.129660
v -12.181833 0.058907 -16.037460
v -12.631897 0.909099 -15.989357
v -11.629246 1.339477 -15.082483
v -13.532900 0.143277 -15.165121
v -13.585657 0.842720 -14.771172
v -13.413280 1.221120 -16.284332
v -13.383553 0.256277 -16.562454
v -13.699221 0.064197 -16.596191
v -14.542395 1.218966 -16.686312
v -14.858059 0.256277 -16.720051
v -14.887787 0.072673 -16.441929
v -14.987398 1.152344 -15.359668
v -15.057495 0.181140 -14.857129
v -14.796484 0.023333 -14.309018
v -13.980474 1.020482 -14.445086
v -14.542393 0.064197 -16.686312
v -13.699221 1.218966 -16.596193
v -13.953310 0.023333 -14.218899
v -14.780169 1.020482 -14.530558
v -14.367592 1.123583 -14.617680
v -14.326475 0.149710 -14.716971
v -14.447201 0.190654 -13.599611
v -14.106445 0.250545 -16.775633
v -13.448374 0.246050 -15.834389
v -13.558868 1.152344 -15.206984
v -15.007410 0.143277 -15.322720
v -14.947491 1.276276 -15.995515
v -14.200085 1.703466 -15.904365
v -14.200907 0.199355 -15.891834
v -13.803047 0.264820 -15.532779
v -14.645201 1.482267 -15.661471
v -13.825089 1.482268 -15.573816
v -14.665665 0.264820 -15.624975
v -15.097914 0.381553 -15.839735
v -13.335175 0.381553 -15.651331
v -13.582989 0.181140 -14.699529
v -13.383553 0.891869 -16.562454
v -14.858061 0.891869 -16.720051
v -15.055443 0.842720 -14.928264
v -14.448668 0.740181 -13.851851
v -14.106443 0.905250 -16.775633
v -15.096827 0.909734 -15.840515
v -13.336584 0.909733 -15.652380
v -13.372236 0.552288 -15.307581
v -15.097792 0.584290 -16.018341
v -13.675135 0.546680 -16.729534
v -14.838024 0.477301 -14.082166
v -13.975407 0.477301 -13.989967
v -15.134977 0.552289 -15.495985
v -14.537752 0.546680 -16.821732
v -13.268192 0.548375 -16.277996
v -13.449785 1.276275 -15.835437
v -14.948584 0.246051 -15.994731
v -13.413279 0.072672 -16.284332
v -14.887789 1.221120 -16.441929
v -14.149565 1.506305 -16.372198
v -14.149563 -0.010596 -16.372198
v -15.030933 0.548375 -16.466400
v -13.297543 0.584289 -15.825930
v -13.299044 0.291229 -15.989358
v -15.061789 0.291229 -16.177761
v -15.061789 0.909100 -16.177763
v -14.611721 0.058907 -16.129662
v -13.749105 1.547235 -16.037460
v -14.611721 1.547235 -16.129660
v -13.749104 0.058907 -16.037460
v -13.299044 0.909099 -15.989359
v -14.301689 1.339477 -15.082483
v -12.644444 0.901309 -16.277658
v -11.393816 0.900828 -16.804634
v -10.814663 0.889453 -15.484802
v -11.953341 0.781375 -14.149989
v -11.197149 0.126516 -14.964619
v -11.953884 1.241652 -14.948079
v -11.275717 1.241652 -15.020563
v -12.054907 0.126516 -14.872940
v -11.101139 0.781375 -14.241074
v -12.251574 0.900828 -16.712954
v -12.162252 0.204157 -15.854259
v -11.302191 1.576274 -15.951018
v -12.159496 1.576274 -15.859388
v -11.299631 0.204157 -15.946459
v -10.851933 0.913337 -16.015488
v -12.535416 0.889453 -15.300884
v -12.538734 0.280280 -15.288979
v -10.851797 0.363547 -16.015392
v -12.251574 0.251977 -16.712954
v -11.099047 0.168368 -14.055486
v -11.956804 0.168368 -13.963805
v -10.812101 0.280280 -15.473526
v -11.393814 0.251977 -16.804634
v -12.644444 0.257063 -16.277658
v -12.614538 0.363546 -15.826985
v -10.917816 0.257063 -16.462204
v -10.917818 0.901309 -16.462204
v -11.352251 -0.000162 -16.415771
v -12.210007 1.431947 -16.324093
v -11.352251 1.431947 -16.415771
v -12.210009 -0.000162 -16.324093
v -12.614361 0.913337 -15.827119
v -13.286493 0.901309 -16.277660
v -14.537125 0.900828 -16.804632
v -15.116276 0.889453 -15.484801
v -13.977596 0.781374 -14.149989
v -14.733784 0.126516 -14.964618
v -13.977053 1.241651 -14.948078
v -14.655220 1.241651 -15.020561
v -13.876028 0.126516 -14.872941
v -14.829796 0.781374 -14.241074
v -13.679365 0.900828 -16.712955
v -13.768686 0.204157 -15.854258
v -14.628746 1.576274 -15.951018
v -13.771439 1.576274 -15.859388
v -14.631306 0.204157 -15.946457
v -15.079006 0.913337 -16.015488
v -13.395517 0.889452 -15.300883
v -13.392206 0.280279 -15.288980
v -15.079142 0.363547 -16.015392
v -13.679365 0.251978 -16.712954
v -14.831890 0.168368 -14.055482
v -13.974133 0.168368 -13.963801
v -15.118830 0.280280 -15.473523
v -14.537123 0.251978 -16.804634
v -13.286493 0.257063 -16.277658
v -13.316397 0.363546 -15.826986
v -15.013119 0.257064 -16.462204
v -15.013119 0.901309 -16.462204
v -14.578684 -0.000162 -16.415771
v -13.720926 1.431947 -16.324093
v -14.578682 1.431947 -16.415771
v -13.720928 -0.000162 -16.324093
v -13.316574 0.913337 -15.827118
vn -0.4220 -0.9020 0.0907
vn -0.6310 0.6555 0.4150
vn -0.5222 -0.7246 -0.4498
vn -0.6519 0.4924 -0.5767
vn 0.4298 -0.9029 -0.0013
vn 0.7317 0.6351 0.2475
vn 0.4153 -0.7246 -0.5500
vn 0.5153 0.4924 -0.7015
vn -0.0620 -0.8123 -0.5799
vn -0.0868 0.5772 -0.8120
vn 0.0278 -0.9629 0.2683
vn 0.0671 0.8584 0.5086
vn -0.3555 -0.9347 -0.0047
vn -0.7543 0.5999 0.2668
vn 0.3464 -0.9347 -0.0798
vn 0.7984 0.5960 0.0858
vn 0.0390 0.9290 0.3679
vn -0.0014 -0.9999 -0.0128
vn -0.9093 0.0641 0.4111
vn -0.7563 -0.0051 -0.6543
vn 0.6009 -0.0051 -0.7993
vn 0.9797 0.0347 0.1976
vn 0.1058 0.3033 0.9470
vn -0.1063 -0.0050 -0.9943
vn 0.9967 -0.0081 -0.0811
vn -0.9910 -0.0064 0.1334
vn -0.8170 0.5764 -0.0182
vn 0.5214 -0.8116 0.2637
vn -0.4539 -0.8116 0.3679
vn 0.7945 0.5762 -0.1917
vn -0.0327 0.9524 -0.3030
vn 0.0445 -0.9080 0.4166
vn 0.9912 -0.0109 -0.1320
vn -0.9967 -0.0109 0.0805
vn 0.0450 0.9084 0.4156
vn 0.4220 -0.9020 0.0907
vn 0.6310 0.6555 0.4150
vn 0.5222 -0.7246 -0.4498
vn 0.6519 0.4924 -0.5767
vn -0.4298 -0.9029 -0.0013
vn -0.7317 0.6351 0.2475
vn -0.4153 -0.7246 -0.5500
vn -0.5153 0.4924 -0.7015
vn 0.0620 -0.8123 -0.5799
vn 0.0868 0.5772 -0.8120
vn -0.0278 -0.9629 0.2683
vn -0.0671 0.8584 0.5086
vn 0.3555 -0.9347 -0.0047
vn 0.7543 0.5999 0.2668
vn -0.3464 -0.9347 -0.0797
vn -0.7984 0.5960 0.0858
vn -0.0390 0.9290 0.3679
vn 0.0014 -0.9999 -0.0128
vn 0.9093 0.0641 0.4111
vn 0.7563 -0.0051 -0.6543
vn -0.6009 -0.0051 -0.7993
vn -0.9797 0.0347 0.1976
vn -0.1058 0.3033 0.9470
vn 0.1063 -0.0050 -0.9943
vn -0.9967 -0.0081 -0.0811
vn 0.9910 -0.0064 0.1334
vn 0.8170 0.5764 -0.0182
vn -0.5214 -0.8116 0.2637
vn 0.4539 -0.8116 0.3679
vn -0.7945 0.5762 -0.1917
vn 0.0327 0.9524 -0.3030
vn -0.0445 -0.9080 0.4166
vn -0.9912 -0.0109 -0.1320
vn 0.9967 -0.0109 0.0805
vn -0.0450 0.9084 0.4156
vn -0.3934 -0.9143 -0.0962
vn -0.8485 0.3016 0.4349
vn -0.7796 0.5827 -0.2294
vn -0.7270 -0.2886 -0.6231
vn -0.2091 -0.7978 -0.5655
vn 0.1514 0.5759 -0.8034
vn 0.5788 -0.2886 -0.7626
vn 0.5449 -0.8270 -0.1383
vn 0.7626 0.6266 0.1607
vn 0.9427 -0.3028 0.1403
vn 0.3707 -0.9206 0.1228
vn -0.3748 0.7858 0.4920
vn 0.0848 -0.7978 -0.5969
vn -0.3178 0.5759 -0.7533
vn -0.3386 -0.9194 0.2000
vn 0.5046 0.7689 0.3926
vn 0.0431 0.9201 0.3893
vn -0.0162 -0.9883 -0.1518
vn 0.0899 -0.3957 0.9140
vn -0.1012 -0.3051 -0.9469
vn -0.4057 -0.8309 0.3809
vn -0.6936 0.6367 0.3370
vn 0.3633 -0.9146 -0.1775
vn 0.8168 0.5755 -0.0398
vn 0.0075 0.9970 0.0773
vn 0.0436 -0.9119 0.4081
vn 0.0233 -0.9992 -0.0311
vn 0.4455 0.8548 0.2661
vn -0.3741 0.8526 0.3649
vn -0.0294 -0.9992 -0.0254
vn 0.8982 -0.4305 -0.0887
vn -0.8968 -0.4302 0.1035
vn -0.8935 -0.2926 0.3406
vn -0.7422 0.1933 -0.6418
vn 0.5898 0.1933 -0.7841
vn 0.9391 0.2610 0.2236
vn 0.1040 0.6575 0.7462
vn -0.1042 0.1981 -0.9746
vn 0.9733 0.2239 -0.0498
vn -0.9592 0.2297 0.1651
vn -0.9716 0.0067 0.2367
vn 0.9949 -0.0099 -0.1003
vn -0.3042 -0.0048 -0.9526
vn 0.8501 0.1727 0.4975
vn -0.7145 0.2158 0.6656
vn 0.9998 -0.0021 0.0192
vn 0.0960 -0.0048 -0.9954
vn -0.9899 -0.0065 -0.1414
vn -0.8049 0.5764 0.1410
vn 0.4770 -0.8309 0.2865
vn -0.5618 -0.8270 -0.0200
vn 0.7135 0.5827 -0.3890
vn -0.0568 0.8454 -0.5312
vn -0.0016 -0.9999 -0.0154
vn 0.9377 -0.0065 -0.3475
vn -0.9936 -0.0096 0.1126
vn -0.8965 -0.3874 0.2149
vn 0.9217 -0.3874 0.0205
vn 0.9680 0.2045 -0.1455
vn 0.1443 -0.9082 0.3928
vn -0.4651 0.8654 -0.1861
vn 0.4147 0.8653 -0.2815
vn -0.0580 -0.9082 0.4144
vn -0.9768 0.2047 0.0628
vn 0.0420 0.9150 0.4012
vn 0.3934 -0.9143 -0.0962
vn 0.8485 0.3016 0.4349
vn 0.7796 0.5827 -0.2294
vn 0.7270 -0.2886 -0.6231
vn 0.2090 -0.7978 -0.5655
vn -0.1514 0.5759 -0.8034
vn -0.5789 -0.2886 -0.7626
vn -0.5449 -0.8270 -0.1383
vn -0.7626 0.6266 0.1607
vn -0.9427 -0.3028 0.1403
vn -0.3707 -0.9206 0.1228
vn 0.3748 0.7858 0.4920
vn -0.0848 -0.7978 -0.5969
vn 0.3178 0.5759 -0.7533
vn 0.3386 -0.9194 0.2000
vn -0.5046 0.7689 0.3926
vn -0.0431 0.9201 0.3893
vn 0.0162 -0.9883 -0.1518
vn -0.0899 -0.3957 0.9140
vn 0.1012 -0.3051 -0.9469
vn 0.4057 -0.8309 0.3809
vn 0.6936 0.6367 0.3370
vn -0.3633 -0.9146 -0.1775
vn -0.8168 0.5755 -0.0398
vn -0.0075 0.9970 0.0773
vn -0.0436 -0.9119 0.4081
vn -0.0233 -0.9992 -0.0311
vn -0.4455 0.8548 0.2661
vn 0.3741 0.8526 0.3649
vn 0.0294 -0.9992 -0.0254
vn -0.8982 -0.4305 -0.0887
vn 0.8968 -0.4302 0.1035
vn 0.8935 -0.2926 0.3406
vn 0.7422 0.1933 -0.6418
vn -0.5898 0.1933 -0.7841
vn -0.9391 0.2610 0.2236
vn -0.1040 0.6575 0.7462
vn 0.1042 0.1981 -0.9746
vn -0.9733 0.2239 -0.0498
vn 0.9592 0.2297 0.1651
vn 0.9716 0.0067 0.2367
vn -0.9949 -0.0099 -0.1003
vn 0.3042 -0.0048 -0.9526
vn -0.8501 0.1727 0.4975
vn 0.7145 0.2158 0.6656
vn -0.9998 -0.0021 0.0192
vn -0.0960 -0.0048 -0.9954
vn 0.9899 -0.0065 -0.1414
vn 0.8049 0.5764 0.1410
vn -0.4770 -0.8309 0.2865
vn 0.5618 -0.8270 -0.0200
vn -0.7135 0.5827 -0.3890
vn 0.0568 0.8454 -0.5312
vn 0.0016 -0.9999 -0.0154
vn -0.9377 -0.0065 -0.3475
vn 0.9936 -0.0096 0.1126
vn 0.8965 -0.3874 0.2149
vn -0.9217 -0.3874 0.0205
vn -0.9680 0.2045 -0.1455
vn -0.1443 -0.9082 0.3928
vn 0.4651 0.8654 -0.1861
vn -0.4147 0.8653 -0.2815
vn 0.0580 -0.9082 0.4144
vn 0.9768 0.2047 0.0628
vn -0.0420 0.9150 0.4012
vn -0.9696 0.1996 -0.1416
vn 0.0918 0.1913 -0.9772
vn 0.9731 0.2268 0.0408
vn -0.5859 0.5263 0.6162
vn -0.1530 -0.9750 -0.1611
vn -0.2626 0.8809 0.3937
vn 0.3456 0.8833 0.3168
vn 0.1155 -0.9750 -0.1898
vn 0.7349 0.4850 0.4740
vn -0.2963 0.1913 -0.9357
vn -0.0361 -0.9101 0.4128
vn 0.4712 0.8817 0.0237
vn -0.4552 0.8811 0.1286
vn 0.1225 -0.9101 0.3958
vn 0.9732 0.2097 -0.0939
vn -0.9342 0.2436 0.2606
vn -0.8906 -0.4472 0.0832
vn 0.9186 -0.3946 0.0227
vn -0.2846 -0.2887 -0.9141
vn 0.7729 -0.4193 0.4763
vn -0.6586 -0.4042 0.6347
vn 0.8864 -0.4499 -0.1087
vn 0.0849 -0.2887 -0.9536
vn -0.9407 -0.3249 -0.0974
vn -0.8930 -0.3946 0.2163
vn 0.8989 -0.3249 -0.2940
vn 0.9178 0.1996 -0.3433
vn 0.1157 -0.9929 -0.0275
vn -0.3943 0.8177 -0.4193
vn 0.2968 0.8177 -0.4932
vn -0.1189 -0.9929 -0.0024
vn -0.9704 0.2111 0.1171
vn 0.9696 0.1996 -0.1416
vn -0.0919 0.1913 -0.9772
vn -0.9731 0.2268 0.0408
vn 0.5859 0.5263 0.6162
vn 0.1530 -0.9750 -0.1611
vn 0.2626 0.8809 0.3937
vn -0.3456 0.8833 0.3168
vn -0.1155 -0.9750 -0.1898
vn -0.7349 0.4850 0.4740
vn 0.2963 0.1913 -0.9357
vn 0.0361 -0.9101 0.4128
vn -0.4712 0.8817 0.0237
vn 0.4552 0.8811 0.1286
vn -0.1225 -0.9101 0.3958
vn -0.9732 0.2097 -0.0939
vn 0.9342 0.2436 0.2606
vn 0.8906 -0.4472 0.0832
vn -0.9186 -0.3946 0.0227
vn 0.2846 -0.2887 -0.9141
vn -0.7729 -0.4193 0.4763
vn 0.6586 -0.4042 0.6347
vn -0.8864 -0.4499 -0.1087
vn -0.0849 -0.2887 -0.9536
vn 0.9407 -0.3249 -0.0974
vn 0.8930 -0.3946 0.2163
vn -0.8989 -0.3249 -0.2940
vn -0.9178 0.1996 -0.3433
vn -0.1157 -0.9929 -0.0275
vn 0.3943 0.8177 -0.4193
vn -0.2968 0.8177 -0.4932
vn 0.1189 -0.9929 -0.0024
vn 0.9704 0.2111 0.1171
vt 0.465517 0.151464
vt 0.538793 0.149962
vt 0.538793 0.193747
vt 0.465517 0.194151
vt 0.625000 0.133446
vt 0.625000 0.191723
vt 0.625000 0.250000
vt 0.538793 0.251290
vt 0.465517 0.251408
vt 0.465517 0.375000
vt 0.538793 0.375000
vt 0.538793 0.437353
vt 0.465517 0.437324
vt 0.625000 0.375000
vt 0.625000 0.437500
vt 0.625000 0.500000
vt 0.538614 0.498710
vt 0.465517 0.498592
vt 0.465517 0.644426
vt 0.537889 0.644426
vt 0.538264 0.689928
vt 0.465517 0.689928
vt 0.617768 0.644426
vt 0.620049 0.689928
vt 0.625000 0.750000
vt 0.538700 0.750000
vt 0.465517 0.750000
vt 0.465517 0.875000
vt 0.538793 0.875000
vt 0.538434 0.937500
vt 0.464080 0.937500
vt 0.625000 0.875000
vt 0.625000 0.937500
vt 0.625000 1.000000
vt 0.536638 1.000000
vt 0.448276 1.000000
vt 0.250000 0.644426
vt 0.311422 0.644426
vt 0.311602 0.689928
vt 0.250000 0.689928
vt 0.366379 0.644426
vt 0.367098 0.689928
vt 0.375000 0.750000
vt 0.312500 0.750000
vt 0.250000 0.750000
vt 0.750000 0.640953
vt 0.809722 0.641939
vt 0.799750 0.688879
vt 0.750000 0.673001
vt 0.875000 0.625000
vt 0.875000 0.687500
vt 0.875000 0.750000
vt 0.812500 0.750000
vt 0.750000 0.750000
vt 0.750000 0.703993
vt 0.750000 0.687500
vt 0.750000 0.673001
vt 0.750000 0.703993
vt 0.617768 0.644426
vt 0.689374 0.643558
vt 0.699869 0.689170
vt 0.750000 0.640953
vt 0.689374 0.643558
vt 0.750000 0.703993
vt 0.750000 0.673001
vt 0.687500 0.750000
vt 0.620049 0.689928
vt 0.125000 0.625000
vt 0.187500 0.642807
vt 0.187500 0.689524
vt 0.125000 0.687500
vt 0.187500 0.750000
vt 0.125000 0.750000
vt 0.538793 0.812500
vt 0.465517 0.812500
vt 0.625000 0.812500
vt 0.538793 0.312647
vt 0.465517 0.312676
vt 0.625000 0.312500
vt 0.125000 0.616554
vt 0.187500 0.600038
vt 0.187500 0.620924
vt 0.125000 0.620777
vt 0.250000 0.598536
vt 0.250000 0.620953
vt 0.616379 0.598536
vt 0.686422 0.598536
vt 0.686791 0.620845
vt 0.616553 0.620953
vt 0.750000 0.598536
vt 0.750000 0.620519
vt 0.750000 0.640954
vt 0.689374 0.643558
vt 0.812500 0.600038
vt 0.812153 0.620815
vt 0.875000 0.616554
vt 0.875000 0.620777
vt 0.250000 0.598536
vt 0.311422 0.598536
vt 0.311422 0.620953
vt 0.250000 0.620953
vt 0.366379 0.598536
vt 0.366379 0.620953
vt 0.311422 0.644426
vt 0.250000 0.644426
vt 0.465517 0.598536
vt 0.537716 0.598536
vt 0.537737 0.620953
vt 0.465517 0.620953
vt 0.448276 0.000000
vt 0.536638 0.000000
vt 0.538434 0.060476
vt 0.464080 0.060072
vt 0.625000 0.000000
vt 0.625000 0.062500
vt 0.625000 0.125000
vt 0.538793 0.107193
vt 0.465517 0.105574
vt 0.375000 0.000000
vt 0.411638 0.000000
vt 0.413434 0.060476
vt 0.375000 0.062500
vt 0.413793 0.107193
vt 0.375000 0.125000
vt 0.412716 0.598536
vt 0.412716 0.620953
vt 0.465517 0.598536
vt 0.465517 0.620953
vt 0.465517 0.644426
vt 0.412716 0.644426
vt 0.375000 0.250000
vt 0.413793 0.251290
vt 0.413793 0.312647
vt 0.375000 0.312500
vt 0.413793 0.375000
vt 0.375000 0.375000
vt 0.413614 0.750000
vt 0.413793 0.812500
vt 0.375000 0.812500
vt 0.413793 0.875000
vt 0.375000 0.875000
vt 0.413434 0.937500
vt 0.375000 0.937500
vt 0.411638 1.000000
vt 0.375000 1.000000
vt 0.412716 0.644426
vt 0.412895 0.689928
vt 0.413793 0.437353
vt 0.375000 0.437500
vt 0.413614 0.498710
vt 0.375000 0.500000
vt 0.375000 0.133446
vt 0.413793 0.149962
vt 0.413793 0.193747
vt 0.375000 0.191723
vt 0.413793 0.129076
vt 0.375000 0.129223
vt 0.465517 0.129047
vt 0.412895 0.555878
vt 0.367098 0.555996
vt 0.465517 0.555849
vt 0.412716 0.598536
vt 0.537895 0.555878
vt 0.617098 0.555996
vt 0.250000 0.500000
vt 0.312500 0.500000
vt 0.311602 0.556025
vt 0.250000 0.556025
vt 0.311422 0.598536
vt 0.750000 0.500000
vt 0.812500 0.500000
vt 0.812500 0.556400
vt 0.750000 0.556025
vt 0.875000 0.500000
vt 0.875000 0.558277
vt 0.687500 0.500000
vt 0.686602 0.556025
vt 0.125000 0.500000
vt 0.187500 0.500000
vt 0.187500 0.556400
vt 0.125000 0.558277
vt 0.538793 0.129076
vt 0.625000 0.129223
vt 0.538793 0.193747
vt 0.538793 0.149962
vt 0.465517 0.251408
vt 0.538793 0.251290
vt 0.465517 0.437324
vt 0.538793 0.437353
vt 0.538793 0.375000
vt 0.537889 0.644426
vt 0.538700 0.750000
vt 0.620049 0.689928
vt 0.538434 0.937500
vt 0.538793 0.875000
vt 0.250000 0.644426
vt 0.250000 0.689928
vt 0.311602 0.689928
vt 0.311422 0.644426
vt 0.367098 0.689928
vt 0.366379 0.644426
vt 0.809722 0.641939
vt 0.750000 0.703993
vt 0.750000 0.673001
vt 0.750000 0.703993
vt 0.617768 0.644426
vt 0.699869 0.689170
vt 0.750000 0.703993
vt 0.689374 0.643558
vt 0.750000 0.673001
vt 0.187500 0.689524
vt 0.187500 0.642807
vt 0.465517 0.812500
vt 0.538793 0.812500
vt 0.465517 0.312676
vt 0.538793 0.312647
vt 0.187500 0.620924
vt 0.187500 0.600038
vt 0.250000 0.620953
vt 0.686791 0.620844
vt 0.686422 0.598536
vt 0.750000 0.640954
vt 0.750000 0.620519
vt 0.812153 0.620815
vt 0.250000 0.620953
vt 0.311422 0.620953
vt 0.311422 0.598536
vt 0.311422 0.644426
vt 0.366379 0.644426
vt 0.366379 0.620953
vt 0.366379 0.598536
vt 0.465517 0.620953
vt 0.537737 0.620953
vt 0.537716 0.598536
vt 0.464080 0.060072
vt 0.538434 0.060477
vt 0.465517 0.105574
vt 0.538793 0.107193
vt 0.413434 0.060476
vt 0.412716 0.620953
vt 0.412716 0.598536
vt 0.412716 0.644426
vt 0.465517 0.620953
vt 0.413793 0.312647
vt 0.413793 0.812500
vt 0.412716 0.644426
vt 0.413793 0.437353
vt 0.413793 0.193747
vt 0.413793 0.129076
vt 0.367098 0.555995
vt 0.412895 0.555878
vt 0.465517 0.555849
vt 0.617098 0.555995
vt 0.250000 0.556025
vt 0.311602 0.556025
vt 0.311422 0.598536
vt 0.187500 0.556400
vt 0.538793 0.129076
s 1
usemtl Shoes
f 34/1/34 134/2/134 201/3/201 118/4/118
f 134/2/134 27/5/27 73/6/73 201/3/201
f 201/3/201 73/6/73 4/7/4 104/8/104
f 118/4/118 201/3/201 104/8/104 20/9/20
f 24/10/24 108/11/108 202/12/202 117/13/117
f 108/11/108 10/14/10 76/15/76 202/12/202
f 202/12/202 76/15/76 8/16/8 105/17/105
f 117/13/117 202/12/202 105/17/105 21/18/21
f 25/19/25 109/20/109 203/21/203 116/22/116
f 109/20/109 16/23/16 79/24/79 203/21/203
f 203/21/203 79/24/79 6/25/6 106/26/106
f 116/22/116 203/21/203 106/26/106 22/27/22
f 23/28/23 107/29/107 204/30/204 115/31/115
f 107/29/107 12/32/12 82/33/82 204/30/204
f 204/30/204 82/33/82 2/34/2 72/35/72
f 115/31/115 204/30/204 72/35/72 19/36/19
f 18/37/18 100/38/100 205/39/205 88/40/88
f 100/38/100 15/41/15 93/42/93 205/39/205
f 205/39/205 93/42/93 5/43/5 81/44/81
f 88/40/88 205/39/205 81/44/81 11/45/11
f 17/46/17 99/47/99 206/48/206 135/49/135
f 14/50/14 92/51/92 206/48/206 99/47/99
f 2/52/2 82/53/82 206/48/206 92/51/92
f 12/54/12 87/55/87 206/48/206 82/53/82
f 35/56/35 135/57/135 206/48/206 87/58/87
f 16/59/16 98/60/98 207/61/207 79/24/79
f 17/62/17 135/57/135 207/61/207 98/63/98
f 35/56/35 87/64/87 207/61/207 135/65/135
f 12/54/12 86/66/86 207/61/207 87/55/87
f 6/25/6 79/67/79 207/61/207 86/66/86
f 13/68/13 97/69/97 208/70/208 71/71/71
f 97/69/97 18/37/18 88/40/88 208/70/208
f 208/70/208 88/40/88 11/45/11 85/72/85
f 71/71/71 208/70/208 85/72/85 1/73/1
f 22/27/22 106/26/106 209/74/209 114/75/114
f 106/26/106 6/25/6 86/76/86 209/74/209
f 209/74/209 86/76/86 12/32/12 107/29/107
f 114/75/114 209/74/209 107/29/107 23/28/23
f 20/9/20 104/8/104 210/77/210 113/78/113
f 104/8/104 4/7/4 84/79/84 210/77/210
f 210/77/210 84/79/84 10/14/10 108/11/108
f 113/78/113 210/77/210 108/11/108 24/10/24
f 29/80/29 133/81/133 211/82/211 91/83/91
f 133/81/133 32/84/32 96/85/96 211/82/211
f 211/82/211 96/85/96 18/37/18 97/69/97
f 91/83/91 211/82/211 97/69/97 13/68/13
f 30/86/30 132/87/132 212/88/212 94/89/94
f 132/87/132 31/90/31 95/91/95 212/88/212
f 212/88/212 95/91/95 17/92/17 98/93/98
f 94/89/94 212/88/212 98/93/98 16/23/16
f 31/90/31 131/94/131 213/95/213 95/91/95
f 131/94/131 27/96/27 119/97/119 213/95/213
f 213/95/213 119/97/119 14/50/14 99/47/99
f 95/91/95 213/95/213 99/47/99 17/92/17
f 32/98/32 130/99/130 214/100/214 96/101/96
f 130/99/130 28/102/28 120/103/120 214/100/214
f 214/100/214 120/103/120 15/41/15 100/104/100
f 96/101/96 214/100/214 100/104/100 18/105/18
f 33/106/33 129/107/129 215/108/215 112/109/112
f 129/107/129 30/86/30 94/89/94 215/108/215
f 215/108/215 94/89/94 16/23/16 109/20/109
f 112/109/112 215/108/215 109/20/109 25/19/25
f 19/110/19 72/111/72 216/112/216 111/113/111
f 72/111/72 2/114/2 92/115/92 216/112/216
f 216/112/216 92/115/92 14/116/14 110/117/110
f 111/113/111 216/112/216 110/117/110 26/118/26
f 1/119/1 103/120/103 217/121/217 71/122/71
f 103/120/103 19/110/19 111/113/111 217/121/217
f 217/121/217 111/113/111 26/118/26 102/123/102
f 71/122/71 217/121/217 102/123/102 13/124/13
f 28/102/28 128/125/128 218/126/218 120/103/120
f 128/125/128 33/127/33 112/128/112 218/126/218
f 218/126/218 112/128/112 25/129/25 101/130/101
f 120/103/120 218/126/218 101/130/101 15/41/15
f 3/131/3 74/132/74 219/133/219 75/134/75
f 74/132/74 20/9/20 113/78/113 219/133/219
f 219/133/219 113/78/113 24/10/24 90/135/90
f 75/134/75 219/133/219 90/135/90 9/136/9
f 5/43/5 80/137/80 220/138/220 81/139/81
f 80/137/80 22/27/22 114/75/114 220/138/220
f 220/138/220 114/75/114 23/28/23 89/140/89
f 81/139/81 220/138/220 89/140/89 11/141/11
f 11/141/11 89/140/89 221/142/221 85/143/85
f 89/140/89 23/28/23 115/31/115 221/142/221
f 221/142/221 115/31/115 19/36/19 103/144/103
f 85/143/85 221/142/221 103/144/103 1/145/1
f 15/41/15 101/146/101 222/147/222 93/42/93
f 101/146/101 25/19/25 116/22/116 222/147/222
f 222/147/222 116/22/116 22/27/22 80/137/80
f 93/42/93 222/147/222 80/137/80 5/43/5
f 9/136/9 90/135/90 223/148/223 83/149/83
f 90/135/90 24/10/24 117/13/117 223/148/223
f 223/148/223 117/13/117 21/18/21 77/150/77
f 83/149/83 223/148/223 77/150/77 7/151/7
f 29/152/29 127/153/127 224/154/224 121/155/121
f 127/153/127 34/1/34 118/4/118 224/154/224
f 224/154/224 118/4/118 20/9/20 74/132/74
f 121/155/121 224/154/224 74/132/74 3/131/3
f 13/124/13 102/123/102 225/156/225 91/157/91
f 102/123/102 26/118/26 126/158/126 225/156/225
f 225/156/225 126/158/126 34/1/34 127/153/127
f 91/157/91 225/156/225 127/153/127 29/152/29
f 7/151/7 77/150/77 226/159/226 78/160/78
f 77/150/77 21/18/21 125/161/125 226/159/226
f 226/159/226 125/161/125 33/106/33 128/162/128
f 78/160/78 226/159/226 128/162/128 28/102/28
f 21/18/21 105/17/105 227/163/227 125/161/125
f 105/17/105 8/16/8 122/164/122 227/163/227
f 227/163/227 122/164/122 30/86/30 129/107/129
f 125/161/125 227/163/227 129/107/129 33/106/33
f 9/165/9 83/166/83 228/167/228 124/168/124
f 83/166/83 7/151/7 78/160/78 228/167/228
f 228/167/228 78/160/78 28/102/28 130/169/130
f 124/168/124 228/167/228 130/169/130 32/84/32
f 10/170/10 84/171/84 229/172/229 123/173/123
f 84/171/84 4/174/4 73/175/73 229/172/229
f 229/172/229 73/175/73 27/96/27 131/94/131
f 123/173/123 229/172/229 131/94/131 31/90/31
f 8/16/8 76/176/76 230/177/230 122/164/122
f 76/176/76 10/170/10 123/173/123 230/177/230
f 230/177/230 123/173/123 31/90/31 132/87/132
f 122/164/122 230/177/230 132/87/132 30/86/30
f 3/178/3 75/179/75 231/180/231 121/181/121
f 75/179/75 9/165/9 124/168/124 231/180/231
f 231/180/231 124/168/124 32/84/32 133/81/133
f 121/181/121 231/180/231 133/81/133 29/80/29
f 26/118/26 110/117/110 232/182/232 126/158/126
f 110/117/110 14/116/14 119/183/119 232/182/232
f 232/182/232 119/183/119 27/5/27 134/2/134
f 126/158/126 232/182/232 134/2/134 34/1/34
f 69/1/69 183/4/183 233/184/233 199/185/199
f 183/4/183 55/186/55 169/187/169 233/184/233
f 233/184/233 169/187/169 39/7/39 138/6/138
f 199/185/199 233/184/233 138/6/138 62/5/62
f 59/10/59 182/188/182 234/189/234 173/190/173
f 182/188/182 56/18/56 170/17/170 234/189/234
f 234/189/234 170/17/170 43/16/43 141/15/141
f 173/190/173 234/189/234 141/15/141 45/14/45
f 60/19/60 181/22/181 235/21/235 174/191/174
f 181/22/181 57/27/57 171/192/171 235/21/235
f 235/21/235 171/192/171 41/25/41 144/193/144
f 174/191/174 235/21/235 144/193/144 51/59/51
f 58/28/58 180/31/180 236/194/236 172/195/172
f 180/31/180 54/36/54 137/35/137 236/194/236
f 236/194/236 137/35/137 37/34/37 147/33/147
f 172/195/172 236/194/236 147/33/147 47/32/47
f 53/196/53 153/197/153 237/198/237 165/199/165
f 153/197/153 46/45/46 146/44/146 237/198/237
f 237/198/237 146/44/146 40/43/40 158/200/158
f 165/199/165 237/198/237 158/200/158 50/201/50
f 52/62/52 200/57/200 238/48/238 164/202/164
f 70/56/70 152/203/152 238/48/238 200/204/200
f 47/54/47 147/53/147 238/48/238 152/205/152
f 37/52/37 157/51/157 238/48/238 147/53/147
f 49/50/49 164/47/164 238/48/238 157/51/157
f 51/206/51 144/193/144 239/207/239 163/93/163
f 41/25/41 151/66/151 239/207/239 144/193/144
f 47/54/47 152/208/152 239/207/239 151/66/151
f 70/56/70 200/57/200 239/207/239 152/203/152
f 52/46/52 163/209/163 239/207/239 200/210/200
f 48/68/48 136/71/136 240/211/240 162/212/162
f 136/71/136 36/73/36 150/72/150 240/211/240
f 240/211/240 150/72/150 46/45/46 153/197/153
f 162/212/162 240/211/240 153/197/153 53/196/53
f 57/27/57 179/213/179 241/214/241 171/192/171
f 179/213/179 58/28/58 172/195/172 241/214/241
f 241/214/241 172/195/172 47/32/47 151/76/151
f 171/192/171 241/214/241 151/76/151 41/25/41
f 55/186/55 178/215/178 242/216/242 169/187/169
f 178/215/178 59/10/59 173/190/173 242/216/242
f 242/216/242 173/190/173 45/14/45 149/79/149
f 169/187/169 242/216/242 149/79/149 39/7/39
f 64/80/64 156/83/156 243/217/243 198/218/198
f 156/83/156 48/68/48 162/212/162 243/217/243
f 243/217/243 162/212/162 53/196/53 161/219/161
f 198/218/198 243/217/243 161/219/161 67/84/67
f 65/86/65 159/89/159 244/220/244 197/221/197
f 159/89/159 51/59/51 163/63/163 244/220/244
f 244/220/244 163/63/163 52/222/52 160/223/160
f 197/221/197 244/220/244 160/223/160 66/90/66
f 66/90/66 160/223/160 245/224/245 196/94/196
f 160/223/160 52/222/52 164/202/164 245/224/245
f 245/224/245 164/202/164 49/50/49 184/97/184
f 196/94/196 245/224/245 184/97/184 62/96/62
f 67/98/67 161/225/161 246/226/246 195/227/195
f 161/225/161 53/105/53 165/228/165 246/226/246
f 246/226/246 165/228/165 50/229/50 185/230/185
f 195/227/195 246/226/246 185/230/185 63/231/63
f 68/106/68 177/232/177 247/233/247 194/234/194
f 177/232/177 60/19/60 174/191/174 247/233/247
f 247/233/247 174/191/174 51/59/51 159/89/159
f 194/234/194 247/233/247 159/89/159 65/86/65
f 54/110/54 176/235/176 248/236/248 137/111/137
f 176/235/176 61/237/61 175/238/175 248/236/248
f 248/236/248 175/238/175 49/116/49 157/115/157
f 137/111/137 248/236/248 157/115/157 37/114/37
f 36/119/36 136/122/136 249/239/249 168/120/168
f 136/122/136 48/124/48 167/123/167 249/239/249
f 249/239/249 167/123/167 61/237/61 176/235/176
f 168/120/168 249/239/249 176/235/176 54/110/54
f 63/231/63 185/230/185 250/240/250 193/241/193
f 185/230/185 50/229/50 166/242/166 250/240/250
f 250/240/250 166/242/166 60/129/60 177/243/177
f 193/241/193 250/240/250 177/243/177 68/127/68
f 38/131/38 140/134/140 251/244/251 139/132/139
f 140/134/140 44/136/44 155/135/155 251/244/251
f 251/244/251 155/135/155 59/10/59 178/215/178
f 139/132/139 251/244/251 178/215/178 55/186/55
f 40/43/40 146/139/146 252/245/252 145/137/145
f 146/139/146 46/141/46 154/140/154 252/245/252
f 252/245/252 154/140/154 58/28/58 179/213/179
f 145/137/145 252/245/252 179/213/179 57/27/57
f 46/141/46 150/143/150 253/142/253 154/140/154
f 150/143/150 36/145/36 168/144/168 253/142/253
f 253/142/253 168/144/168 54/36/54 180/31/180
f 154/140/154 253/142/253 180/31/180 58/28/58
f 50/201/50 158/200/158 254/147/254 166/246/166
f 158/200/158 40/43/40 145/137/145 254/147/254
f 254/147/254 145/137/145 57/27/57 181/22/181
f 166/246/166 254/147/254 181/22/181 60/19/60
f 44/136/44 148/149/148 255/247/255 155/135/155
f 148/149/148 42/151/42 142/150/142 255/247/255
f 255/247/255 142/150/142 56/18/56 182/188/182
f 155/135/155 255/247/255 182/188/182 59/10/59
f 64/152/64 186/155/186 256/248/256 192/153/192
f 186/155/186 38/131/38 139/132/139 256/248/256
f 256/248/256 139/132/139 55/186/55 183/4/183
f 192/153/192 256/248/256 183/4/183 69/1/69
f 48/124/48 156/157/156 257/249/257 167/123/167
f 156/157/156 64/152/64 192/153/192 257/249/257
f 257/249/257 192/153/192 69/1/69 191/158/191
f 167/123/167 257/249/257 191/158/191 61/237/61
f 42/151/42 143/250/143 258/251/258 142/150/142
f 143/250/143 63/231/63 193/162/193 258/251/258
f 258/251/258 193/162/193 68/106/68 190/252/190
f 142/150/142 258/251/258 190/252/190 56/18/56
f 56/18/56 190/252/190 259/163/259 170/17/170
f 190/252/190 68/106/68 194/234/194 259/163/259
f 259/163/259 194/234/194 65/86/65 187/253/187
f 170/17/170 259/163/259 187/253/187 43/16/43
f 44/165/44 189/254/189 260/255/260 148/166/148
f 189/254/189 67/84/67 195/256/195 260/255/260
f 260/255/260 195/256/195 63/231/63 143/250/143
f 148/166/148 260/255/260 143/250/143 42/151/42
f 45/170/45 188/173/188 261/172/261 149/171/149
f 188/173/188 66/90/66 196/94/196 261/172/261
f 261/172/261 196/94/196 62/96/62 138/175/138
f 149/171/149 261/172/261 138/175/138 39/174/39
f 43/16/43 187/253/187 262/177/262 141/176/141
f 187/253/187 65/86/65 197/221/197 262/177/262
f 262/177/262 197/221/197 66/90/66 188/173/188
f 141/176/141 262/177/262 188/173/188 45/170/45
f 38/178/38 186/181/186 263/257/263 140/179/140
f 186/181/186 64/80/64 198/218/198 263/257/263
f 263/257/263 198/218/198 67/84/67 189/254/189
f 140/179/140 263/257/263 189/254/189 44/165/44
f 61/237/61 191/158/191 264/258/264 175/238/175
f 191/158/191 69/1/69 199/185/199 264/258/264
f 264/258/264 199/185/199 62/5/62 184/183/184
f 175/238/175 264/258/264 184/183/184 49/116/49
o Legs
v -12.058285 1.332446 -16.838093
v -12.118700 6.050622 -16.799931
v -11.506845 1.332446 -16.838093
v -11.590944 6.109102 -16.799931
v -11.029291 1.332446 -16.562374
v -11.133894 6.159747 -16.534439
v -10.753569 1.332446 -16.084816
v -10.870016 6.188987 -16.074591
v -10.753572 1.332446 -15.533381
v -10.870016 6.188987 -15.543605
v -11.029289 1.332446 -15.055823
v -11.133894 6.159747 -15.083756
v -11.506845 1.332446 -14.780105
v -11.590944 6.109102 -14.818264
v -12.058279 1.332446 -14.780106
v -12.118702 6.050622 -14.818264
v -12.535843 1.332446 -15.055822
v -12.575748 5.999976 -15.083758
v -12.811560 1.332446 -15.533381
v -12.728752 5.970736 -15.543605
v -12.811560 1.332446 -16.084816
v -12.728752 5.970736 -16.074591
v -12.535841 1.332446 -16.562374
v -12.575752 5.999976 -16.534439
v -12.058283 1.674960 -16.838093
v -11.506845 1.674960 -16.838093
v -11.029289 1.674960 -16.562376
v -10.753572 1.674960 -16.084816
v -10.753569 1.674960 -15.533381
v -11.029287 1.674960 -15.055823
v -11.506845 1.674960 -14.780105
v -12.058283 1.674960 -14.780106
v -12.535839 1.674960 -15.055823
v -12.811560 1.674960 -15.533380
v -12.811560 1.674960 -16.084818
v -12.535839 1.674960 -16.562374
v -12.048058 1.702089 -16.799934
v -11.517069 1.702089 -16.799932
v -11.057224 1.702089 -16.534439
v -10.791729 1.702089 -16.074593
v -10.791731 1.702089 -15.543606
v -11.057220 1.702089 -15.083759
v -11.517071 1.702089 -14.818264
v -12.048056 1.702089 -14.818266
v -12.507904 1.702089 -15.083758
v -12.773399 1.702089 -15.543606
v -12.773401 1.702089 -16.074593
v -12.507908 1.702089 -16.534439
v -12.048058 3.683239 -16.799934
v -11.517069 3.683239 -16.799934
v -11.057226 3.683239 -16.534439
v -10.791731 3.683239 -16.074593
v -10.791731 3.683239 -15.543607
v -11.057224 3.683239 -15.083758
v -11.517071 3.683239 -14.818265
v -12.048058 3.683239 -14.818266
v -12.507906 3.683239 -15.083757
v -12.773397 3.683239 -15.543606
v -12.773399 3.683239 -16.074593
v -12.507906 3.683239 -16.534439
v -11.517069 3.518143 -16.799934
v -11.057224 3.518143 -16.534439
v -10.791733 3.518143 -16.074593
v -10.791731 3.518143 -15.543606
v -11.057226 3.518143 -15.083757
v -11.517069 3.518143 -14.818265
v -12.048056 3.518143 -14.818266
v -12.507902 3.518143 -15.083759
v -12.773399 3.518143 -15.543605
v -12.773401 3.518143 -16.074591
v -12.507904 3.518143 -16.534439
v -12.048058 3.518143 -16.799934
v -11.517069 3.311774 -16.799932
v -11.057224 3.311774 -16.534439
v -10.791729 3.311774 -16.074593
v -10.791731 3.311774 -15.543606
v -11.057222 3.311774 -15.083758
v -11.517069 3.311774 -14.818266
v -12.048058 3.311774 -14.818264
v -12.507904 3.311774 -15.083758
v -12.773399 3.311774 -15.543607
v -12.773401 3.311774 -16.074591
v -12.507906 3.311774 -16.534439
v -12.048058 3.311774 -16.799934
v -12.048058 3.788655 -16.799934
v -11.517071 3.788655 -16.799932
v -11.057226 3.788655 -16.534439
v -10.791731 3.788655 -16.074593
v -10.791731 3.788655 -15.543606
v -11.057222 3.788655 -15.083759
v -11.517073 3.788655 -14.818265
v -12.048058 3.788655 -14.818264
v -12.507906 3.788655 -15.083758
v -12.773397 3.788655 -15.543606
v -12.773399 3.788655 -16.074593
v -12.507904 3.788655 -16.534439
v -12.048058 5.387820 -16.799931
v -11.517071 5.387820 -16.799932
v -11.057226 5.387820 -16.534439
v -10.791731 5.387820 -16.074593
v -10.791733 5.387820 -15.543606
v -11.057224 5.387820 -15.083758
v -11.517071 5.387820 -14.818266
v -12.048058 5.387820 -14.818264
v -12.507906 5.387820 -15.083758
v -12.773399 5.387820 -15.543606
v -12.773397 5.387820 -16.074593
v -12.507908 5.387820 -16.534439
v -13.872656 1.332446 -16.838093
v -13.812239 6.050622 -16.799931
v -14.424093 1.332446 -16.838093
v -14.339996 6.109102 -16.799931
v -14.901649 1.332446 -16.562374
v -14.797043 6.159747 -16.534439
v -15.177364 1.332446 -16.084818
v -15.060923 6.188987 -16.074591
v -15.177368 1.332446 -15.533380
v -15.060921 6.188987 -15.543605
v -14.901649 1.332446 -15.055820
v -14.797047 6.159747 -15.083756
v -14.424091 1.332446 -14.780102
v -14.339994 6.109102 -14.818264
v -13.872654 1.332446 -14.780104
v -13.812239 6.050622 -14.818264
v -13.395098 1.332446 -15.055822
v -13.355186 5.999976 -15.083757
v -13.119379 1.332446 -15.533381
v -13.202185 5.970736 -15.543605
v -13.119379 1.332446 -16.084816
v -13.202188 5.970736 -16.074591
v -13.395098 1.332446 -16.562374
v -13.355188 5.999976 -16.534439
v -13.872654 1.674960 -16.838093
v -14.424091 1.674960 -16.838093
v -14.901649 1.674960 -16.562374
v -15.177368 1.674960 -16.084816
v -15.177364 1.674960 -15.533380
v -14.901649 1.674960 -15.055822
v -14.424091 1.674960 -14.780104
v -13.872654 1.674960 -14.780104
v -13.395098 1.674960 -15.055822
v -13.119381 1.674960 -15.533380
v -13.119377 1.674960 -16.084816
v -13.395098 1.674960 -16.562374
v -13.882881 1.702089 -16.799931
v -14.413866 1.702089 -16.799931
v -14.873714 1.702089 -16.534439
v -15.139206 1.702089 -16.074591
v -15.139206 1.702089 -15.543607
v -14.873713 1.702089 -15.083759
v -14.413866 1.702089 -14.818262
v -13.882879 1.702089 -14.818264
v -13.423033 1.702088 -15.083758
v -13.157539 1.702088 -15.543607
v -13.157541 1.702088 -16.074593
v -13.423033 1.702088 -16.534439
v -13.882879 3.683239 -16.799931
v -14.413864 3.683239 -16.799932
v -14.873714 3.683239 -16.534439
v -15.139204 3.683239 -16.074593
v -15.139204 3.683239 -15.543607
v -14.873713 3.683239 -15.083757
v -14.413866 3.683239 -14.818264
v -13.882879 3.683239 -14.818264
v -13.423033 3.683239 -15.083757
v -13.157539 3.683239 -15.543607
v -13.157539 3.683239 -16.074593
v -13.423033 3.683239 -16.534439
v -14.413866 3.518143 -16.799932
v -14.873713 3.518143 -16.534439
v -15.139206 3.518143 -16.074591
v -15.139206 3.518143 -15.543607
v -14.873714 3.518143 -15.083757
v -14.413866 3.518143 -14.818264
v -13.882877 3.518143 -14.818264
v -13.423033 3.518143 -15.083759
v -13.157541 3.518143 -15.543605
v -13.157539 3.518143 -16.074591
v -13.423031 3.518143 -16.534439
v -13.882879 3.518143 -16.799931
v -14.413864 3.311774 -16.799932
v -14.873713 3.311774 -16.534439
v -15.139206 3.311774 -16.074591
v -15.139204 3.311774 -15.543608
v -14.873714 3.311774 -15.083757
v -14.413864 3.311774 -14.818264
v -13.882881 3.311774 -14.818264
v -13.423033 3.311774 -15.083757
v -13.157537 3.311774 -15.543606
v -13.157541 3.311774 -16.074591
v -13.423033 3.311774 -16.534439
v -13.882879 3.311774 -16.799931
v -13.882879 3.788655 -16.799931
v -14.413866 3.788655 -16.799931
v -14.873714 3.788655 -16.534439
v -15.139204 3.788655 -16.074593
v -15.139206 3.788655 -15.543605
v -14.873713 3.788655 -15.083759
v -14.413868 3.788655 -14.818262
v -13.882879 3.788655 -14.818264
v -13.423033 3.788655 -15.083757
v -13.157539 3.788655 -15.543607
v -13.157541 3.788655 -16.074593
v -13.423033 3.788655 -16.534439
v -13.882881 5.387820 -16.799931
v -14.413866 5.387820 -16.799931
v -14.873714 5.387820 -16.534439
v -15.139208 5.387820 -16.074591
v -15.139206 5.387820 -15.543607
v -14.873713 5.387821 -15.083757
v -14.413864 5.387820 -14.818264
v -13.882879 5.387821 -14.818264
v -13.423033 5.387821 -15.083758
v -13.157537 5.387820 -15.543606
v -13.157537 5.387820 -16.074593
v -13.423033 5.387820 -16.534439
vn -0.1960 -0.6532 -0.7314
vn -0.2691 0.6273 -0.7308
vn 0.1960 -0.6532 -0.7314
vn 0.1220 0.6701 -0.7321
vn 0.5354 -0.6532 -0.5354
vn 0.4617 0.7063 -0.5367
vn 0.7314 -0.6532 -0.1960
vn 0.6581 0.7268 -0.1966
vn 0.7314 -0.6532 0.1960
vn 0.6581 0.7268 0.1966
vn 0.5354 -0.6532 0.5354
vn 0.4617 0.7063 0.5367
vn 0.1960 -0.6532 0.7314
vn 0.1220 0.6701 0.7321
vn -0.1960 -0.6532 0.7314
vn -0.2691 0.6273 0.7308
vn -0.5354 -0.6532 0.5354
vn -0.6296 0.5853 0.5109
vn -0.7314 -0.6532 0.1960
vn -0.7527 0.6405 0.1522
vn -0.7314 -0.6532 -0.1960
vn -0.7527 0.6405 -0.1522
vn -0.5354 -0.6532 -0.5354
vn -0.6296 0.5853 -0.5109
vn -0.2328 0.4367 -0.8689
vn 0.2328 0.4367 -0.8689
vn 0.6361 0.4367 -0.6361
vn 0.8689 0.4367 -0.2328
vn 0.8689 0.4367 0.2328
vn 0.6361 0.4367 0.6361
vn 0.2328 0.4367 0.8689
vn -0.2328 0.4367 0.8689
vn -0.6361 0.4367 0.6361
vn -0.8689 0.4367 0.2328
vn -0.8689 0.4367 -0.2328
vn -0.6361 0.4367 -0.6361
vn -0.2240 0.5006 -0.8362
vn 0.2241 0.5006 -0.8362
vn 0.6121 0.5006 -0.6121
vn 0.8362 0.5006 -0.2241
vn 0.8362 0.5006 0.2241
vn 0.6121 0.5006 0.6121
vn 0.2240 0.5006 0.8362
vn -0.2240 0.5006 0.8362
vn -0.6121 0.5006 0.6121
vn -0.8362 0.5006 0.2241
vn -0.8362 0.5006 -0.2241
vn -0.6121 0.5006 -0.6121
vn -0.2588 -0.0000 -0.9659
vn 0.2588 -0.0000 -0.9659
vn 0.7071 -0.0000 -0.7071
vn 0.9659 -0.0000 -0.2588
vn 0.9659 -0.0000 0.2588
vn 0.7071 -0.0000 0.7071
vn 0.2588 -0.0000 0.9659
vn -0.2588 -0.0000 0.9659
vn -0.7071 -0.0000 0.7071
vn -0.9659 -0.0000 0.2588
vn -0.9659 -0.0000 -0.2588
vn -0.7071 -0.0000 -0.7071
vn -0.2503 -0.0132 -0.9681
vn 0.2663 0.0138 -0.9638
vn 0.7103 0.0352 -0.7031
vn 0.9653 0.0469 -0.2568
vn 0.9653 0.0469 0.2568
vn 0.7103 0.0352 0.7031
vn 0.2663 0.0138 0.9638
vn -0.2503 -0.0132 0.9681
vn -0.7183 -0.0193 0.6954
vn -0.9720 0.0153 0.2344
vn -0.9720 0.0153 -0.2344
vn -0.7183 -0.0193 -0.6954
vn 0.2691 0.6273 -0.7308
vn -0.1220 0.6701 -0.7321
vn -0.4617 0.7063 -0.5367
vn -0.6581 0.7268 -0.1966
vn -0.6581 0.7268 0.1966
vn -0.4617 0.7063 0.5367
vn -0.1220 0.6701 0.7321
vn 0.2691 0.6273 0.7308
vn 0.6296 0.5853 0.5109
vn 0.7527 0.6405 0.1522
vn 0.7527 0.6405 -0.1522
vn 0.6296 0.5853 -0.5109
vn 0.8689 0.4368 -0.2328
vn 0.6361 0.4368 -0.6361
vn 0.2240 0.5006 -0.8362
vn -0.8362 0.5006 -0.2240
vn -0.8362 0.5006 0.2240
vn 0.2241 0.5006 0.8362
vn 0.8362 0.5006 0.2240
vn 0.8362 0.5007 -0.2240
vn 0.6121 0.5007 -0.6121
vn 0.2503 -0.0132 -0.9681
vn -0.2663 0.0138 -0.9638
vn -0.7103 0.0352 -0.7031
vn -0.9653 0.0469 -0.2568
vn -0.9653 0.0469 0.2568
vn -0.7103 0.0352 0.7031
vn -0.2663 0.0138 0.9638
vn 0.2503 -0.0132 0.9681
vn 0.7183 -0.0193 0.6954
vn 0.9720 0.0153 0.2344
vn 0.9720 0.0153 -0.2344
vn 0.7183 -0.0193 -0.6954
vt 1.000000 0.996808
vt 1.000000 1.000000
vt 0.916667 1.000000
vt 0.916667 0.996808
vt 0.833333 1.000000
vt 0.833333 0.996808
vt 0.750000 1.000000
vt 0.750000 0.996808
vt 0.666667 1.000000
vt 0.666667 0.996808
vt 0.583333 1.000000
vt 0.583333 0.996808
vt 0.500000 1.000000
vt 0.500000 0.996808
vt 0.416667 1.000000
vt 0.416667 0.996808
vt 0.333333 1.000000
vt 0.333333 0.996808
vt 0.250000 1.000000
vt 0.250000 0.996808
vt 0.166667 1.000000
vt 0.166667 0.996808
vt 0.370000 0.457846
vt 0.250000 0.490000
vt 0.130000 0.457846
vt 0.042154 0.370000
vt 0.010000 0.250000
vt 0.042154 0.130000
vt 0.130000 0.042154
vt 0.250000 0.010000
vt 0.370000 0.042154
vt 0.457846 0.130000
vt 0.490000 0.250000
vt 0.457846 0.370000
vt 0.083333 1.000000
vt 0.083333 0.996808
vt 0.000000 1.000000
vt 0.000000 0.996808
vt 0.750000 0.490000
vt 0.870000 0.457846
vt 0.957846 0.370000
vt 0.990000 0.250000
vt 0.957846 0.130000
vt 0.870000 0.042154
vt 0.750000 0.010000
vt 0.630000 0.042154
vt 0.542154 0.130000
vt 0.510000 0.250000
vt 0.542154 0.370000
vt 0.630000 0.457846
vt 0.083333 0.500000
vt 0.083333 0.583476
vt 0.000000 0.583476
vt 0.000000 0.500000
vt 0.166667 0.500000
vt 0.166667 0.583476
vt 0.250000 0.500000
vt 0.250000 0.583476
vt 0.333333 0.500000
vt 0.333333 0.583476
vt 0.416667 0.500000
vt 0.416667 0.583476
vt 0.500000 0.500000
vt 0.500000 0.583476
vt 0.583333 0.500000
vt 0.583333 0.583476
vt 0.666667 0.500000
vt 0.666667 0.583476
vt 0.750000 0.500000
vt 0.750000 0.583476
vt 0.833333 0.500000
vt 0.833333 0.583476
vt 0.916667 0.500000
vt 0.916667 0.583476
vt 1.000000 0.500000
vt 1.000000 0.583476
vt 0.083333 0.590088
vt 0.000000 0.590088
vt 0.166667 0.590088
vt 0.250000 0.590088
vt 0.333333 0.590088
vt 0.416667 0.590088
vt 0.500000 0.590088
vt 0.583333 0.590088
vt 0.666667 0.590088
vt 0.750000 0.590088
vt 0.833333 0.590088
vt 0.916667 0.590088
vt 1.000000 0.590088
vt 0.083333 0.790489
vt 0.083333 0.808708
vt 0.000000 0.808708
vt 0.000000 0.790489
vt 0.166667 0.790489
vt 0.166667 0.808708
vt 0.250000 0.790489
vt 0.250000 0.808708
vt 0.333333 0.790489
vt 0.333333 0.808708
vt 0.416667 0.790489
vt 0.416667 0.808708
vt 0.500000 0.790489
vt 0.500000 0.808708
vt 0.583333 0.790489
vt 0.583333 0.808708
vt 0.666667 0.790489
vt 0.666667 0.808708
vt 0.750000 0.790489
vt 0.750000 0.808708
vt 0.833333 0.790489
vt 0.833333 0.808708
vt 0.916667 0.790489
vt 0.916667 0.808708
vt 1.000000 0.790489
vt 1.000000 0.808708
vt 1.000000 0.767716
vt 0.916667 0.767716
vt 0.833333 0.767716
vt 0.750000 0.767716
vt 0.666667 0.767716
vt 0.583333 0.767716
vt 0.500000 0.767716
vt 0.416667 0.767716
vt 0.333333 0.767716
vt 0.250000 0.767716
vt 0.166667 0.767716
vt 0.083333 0.767716
vt 0.000000 0.767716
vt 0.083333 0.820340
vt 0.000000 0.820340
vt 0.166667 0.820340
vt 0.250000 0.820340
vt 0.333333 0.820340
vt 0.416667 0.820340
vt 0.500000 0.820340
vt 0.583333 0.820340
vt 0.666667 0.820340
vt 0.750000 0.820340
vt 0.833333 0.820340
vt 0.916667 0.820340
vt 1.000000 0.820340
s 1
usemtl Pants
f 361/259/325 266/260/266 268/261/268 362/262/326
f 362/262/326 268/261/268 270/263/270 363/264/327
f 363/264/327 270/263/270 272/265/272 364/266/328
f 364/266/328 272/265/272 274/267/274 365/268/329
f 365/268/329 274/267/274 276/269/276 366/270/330
f 366/270/330 276/269/276 278/271/278 367/272/331
f 367/272/331 278/271/278 280/273/280 368/274/332
f 368/274/332 280/273/280 282/275/282 369/276/333
f 369/276/333 282/275/282 284/277/284 370/278/334
f 370/278/334 284/277/284 286/279/286 371/280/335
f 268/281/268 266/282/266 288/283/288 286/284/286 284/285/284 282/286/282 280/287/280 278/288/278 276/289/276 274/290/274 272/291/272 270/292/270
f 371/280/335 286/279/286 288/293/288 372/294/336
f 372/294/336 288/293/288 266/295/266 361/296/325
f 265/297/265 267/298/267 269/299/269 271/300/271 273/301/273 275/302/275 277/303/277 279/304/279 281/305/281 283/306/283 285/307/285 287/308/287
f 287/309/287 300/310/300 289/311/289 265/312/265
f 285/313/285 299/314/299 300/310/300 287/309/287
f 283/315/283 298/316/298 299/314/299 285/313/285
f 281/317/281 297/318/297 298/316/298 283/315/283
f 279/319/279 296/320/296 297/318/297 281/317/281
f 277/321/277 295/322/295 296/320/296 279/319/279
f 275/323/275 294/324/294 295/322/295 277/321/277
f 273/325/273 293/326/293 294/324/294 275/323/275
f 271/327/271 292/328/292 293/326/293 273/325/273
f 269/329/269 291/330/291 292/328/292 271/327/271
f 267/331/267 290/332/290 291/330/291 269/329/269
f 265/333/265 289/334/289 290/332/290 267/331/267
f 300/310/300 312/335/312 301/336/301 289/311/289
f 299/314/299 311/337/311 312/335/312 300/310/300
f 298/316/298 310/338/310 311/337/311 299/314/299
f 297/318/297 309/339/309 310/338/310 298/316/298
f 296/320/296 308/340/308 309/339/309 297/318/297
f 295/322/295 307/341/307 308/340/308 296/320/296
f 294/324/294 306/342/306 307/341/307 295/322/295
f 293/326/293 305/343/305 306/342/306 294/324/294
f 292/328/292 304/344/304 305/343/305 293/326/293
f 291/330/291 303/345/303 304/344/304 292/328/292
f 290/332/290 302/346/302 303/345/303 291/330/291
f 289/334/289 301/347/301 302/346/302 290/332/290
f 335/348/324 324/349/324 313/350/313 336/351/313
f 334/352/323 323/353/323 324/349/324 335/348/324
f 333/354/322 322/355/322 323/353/323 334/352/323
f 332/356/321 321/357/321 322/355/322 333/354/322
f 331/358/320 320/359/320 321/357/321 332/356/321
f 330/360/319 319/361/319 320/359/320 331/358/320
f 329/362/318 318/363/318 319/361/319 330/360/319
f 328/364/317 317/365/317 318/363/318 329/362/318
f 327/366/316 316/367/316 317/365/317 328/364/317
f 326/368/315 315/369/315 316/367/316 327/366/316
f 325/370/314 314/371/314 315/369/315 326/368/315
f 336/372/313 313/373/313 314/371/314 325/370/314
f 348/374/313 336/372/313 325/370/314 337/375/314
f 337/375/314 325/370/314 326/368/315 338/376/315
f 338/376/315 326/368/315 327/366/316 339/377/316
f 339/377/316 327/366/316 328/364/317 340/378/317
f 340/378/317 328/364/317 329/362/318 341/379/318
f 341/379/318 329/362/318 330/360/319 342/380/319
f 342/380/319 330/360/319 331/358/320 343/381/320
f 343/381/320 331/358/320 332/356/321 344/382/321
f 344/382/321 332/356/321 333/354/322 345/383/322
f 345/383/322 333/354/322 334/352/323 346/384/323
f 346/384/323 334/352/323 335/348/324 347/385/324
f 347/385/324 335/348/324 336/351/313 348/386/313
f 312/335/312 347/385/324 348/386/313 301/336/301
f 311/337/311 346/384/323 347/385/324 312/335/312
f 310/338/310 345/383/322 346/384/323 311/337/311
f 309/339/309 344/382/321 345/383/322 310/338/310
f 308/340/308 343/381/320 344/382/321 309/339/309
f 307/341/307 342/380/319 343/381/320 308/340/308
f 306/342/306 341/379/318 342/380/319 307/341/307
f 305/343/305 340/378/317 341/379/318 306/342/306
f 304/344/304 339/377/316 340/378/317 305/343/305
f 303/345/303 338/376/315 339/377/316 304/344/304
f 302/346/302 337/375/314 338/376/315 303/345/303
f 301/347/301 348/374/313 337/375/314 302/346/302
f 324/349/324 360/387/324 349/388/313 313/350/313
f 323/353/323 359/389/323 360/387/324 324/349/324
f 322/355/322 358/390/322 359/389/323 323/353/323
f 321/357/321 357/391/321 358/390/322 322/355/322
f 320/359/320 356/392/320 357/391/321 321/357/321
f 319/361/319 355/393/319 356/392/320 320/359/320
f 318/363/318 354/394/318 355/393/319 319/361/319
f 317/365/317 353/395/317 354/394/318 318/363/318
f 316/367/316 352/396/316 353/395/317 317/365/317
f 315/369/315 351/397/315 352/396/316 316/367/316
f 314/371/314 350/398/314 351/397/315 315/369/315
f 313/373/313 349/399/313 350/398/314 314/371/314
f 360/387/324 372/294/336 361/296/325 349/388/313
f 359/389/323 371/280/335 372/294/336 360/387/324
f 358/390/322 370/278/334 371/280/335 359/389/323
f 357/391/321 369/276/333 370/278/334 358/390/322
f 356/392/320 368/274/332 369/276/333 357/391/321
f 355/393/319 367/272/331 368/274/332 356/392/320
f 354/394/318 366/270/330 367/272/331 355/393/319
f 353/395/317 365/268/329 366/270/330 354/394/318
f 352/396/316 364/266/328 365/268/329 353/395/317
f 351/397/315 363/264/327 364/266/328 352/396/316
f 350/398/314 362/262/326 363/264/327 351/397/315
f 349/399/313 361/259/325 362/262/326 350/398/314
f 469/259/358 470/262/359 376/261/338 374/260/337
f 470/262/359 471/264/360 378/263/339 376/261/338
f 471/264/360 472/266/361 380/265/340 378/263/339
f 472/266/361 473/268/362 382/267/341 380/265/340
f 473/268/362 474/270/363 384/269/342 382/267/341
f 474/270/363 475/272/364 386/271/343 384/269/342
f 475/272/364 476/274/365 388/273/344 386/271/343
f 476/274/365 477/276/366 390/275/345 388/273/344
f 477/276/366 478/278/367 392/277/346 390/275/345
f 478/278/367 479/280/368 394/279/347 392/277/346
f 376/281/338 378/292/339 380/291/340 382/290/341 384/289/342 386/288/343 388/287/344 390/286/345 392/285/346 394/284/347 396/283/348 374/282/337
f 479/280/368 480/294/369 396/293/348 394/279/347
f 480/294/369 469/296/358 374/295/337 396/293/348
f 373/297/267 395/308/269 393/307/271 391/306/273 389/305/275 387/304/277 385/303/279 383/302/281 381/301/283 379/300/285 377/299/287 375/298/265
f 395/309/269 373/312/267 397/311/290 408/310/350
f 393/313/271 395/309/269 408/310/350 407/314/349
f 391/315/273 393/313/271 407/314/349 406/316/293
f 389/317/275 391/315/273 406/316/293 405/318/294
f 387/319/277 389/317/275 405/318/294 404/320/295
f 385/321/279 387/319/277 404/320/295 403/322/296
f 383/323/281 385/321/279 403/322/296 402/324/297
f 381/325/283 383/323/281 402/324/297 401/326/298
f 379/327/285 381/325/283 401/326/298 400/328/299
f 377/329/287 379/327/285 400/328/299 399/330/300
f 375/331/265 377/329/287 399/330/300 398/332/289
f 373/333/267 375/331/265 398/332/289 397/334/290
f 408/310/350 397/311/290 409/336/351 420/335/357
f 407/314/349 408/310/350 420/335/357 419/337/356
f 406/316/293 407/314/349 419/337/356 418/338/355
f 405/318/294 406/316/293 418/338/355 417/339/306
f 404/320/295 405/318/294 417/339/306 416/340/354
f 403/322/296 404/320/295 416/340/354 415/341/308
f 402/324/297 403/322/296 415/341/308 414/342/309
f 401/326/298 402/324/297 414/342/309 413/343/353
f 400/328/299 401/326/298 413/343/353 412/344/352
f 399/330/300 400/328/299 412/344/352 411/345/312
f 398/332/289 399/330/300 411/345/312 410/346/301
f 397/334/290 398/332/289 410/346/301 409/347/351
f 443/348/315 444/351/314 421/350/314 432/349/315
f 442/352/316 443/348/315 432/349/315 431/353/316
f 441/354/317 442/352/316 431/353/316 430/355/317
f 440/356/318 441/354/317 430/355/317 429/357/318
f 439/358/319 440/356/318 429/357/318 428/359/319
f 438/360/320 439/358/319 428/359/319 427/361/320
f 437/362/321 438/360/320 427/361/320 426/363/321
f 436/364/322 437/362/321 426/363/321 425/365/322
f 435/366/323 436/364/322 425/365/322 424/367/323
f 434/368/324 435/366/323 424/367/323 423/369/324
f 433/370/313 434/368/324 423/369/324 422/371/313
f 444/372/314 433/370/313 422/371/313 421/373/314
f 456/374/314 445/375/313 433/370/313 444/372/314
f 445/375/313 446/376/324 434/368/324 433/370/313
f 446/376/324 447/377/323 435/366/323 434/368/324
f 447/377/323 448/378/322 436/364/322 435/366/323
f 448/378/322 449/379/321 437/362/321 436/364/322
f 449/379/321 450/380/320 438/360/320 437/362/321
f 450/380/320 451/381/319 439/358/319 438/360/320
f 451/381/319 452/382/318 440/356/318 439/358/319
f 452/382/318 453/383/317 441/354/317 440/356/318
f 453/383/317 454/384/316 442/352/316 441/354/317
f 454/384/316 455/385/315 443/348/315 442/352/316
f 455/385/315 456/386/314 444/351/314 443/348/315
f 420/335/357 409/336/351 456/386/314 455/385/315
f 419/337/356 420/335/357 455/385/315 454/384/316
f 418/338/355 419/337/356 454/384/316 453/383/317
f 417/339/306 418/338/355 453/383/317 452/382/318
f 416/340/354 417/339/306 452/382/318 451/381/319
f 415/341/308 416/340/354 451/381/319 450/380/320
f 414/342/309 415/341/308 450/380/320 449/379/321
f 413/343/353 414/342/309 449/379/321 448/378/322
f 412/344/352 413/343/353 448/378/322 447/377/323
f 411/345/312 412/344/352 447/377/323 446/376/324
f 410/346/301 411/345/312 446/376/324 445/375/313
f 409/347/351 410/346/301 445/375/313 456/374/314
f 432/349/315 421/350/314 457/388/314 468/387/315
f 431/353/316 432/349/315 468/387/315 467/389/316
f 430/355/317 431/353/316 467/389/316 466/390/317
f 429/357/318 430/355/317 466/390/317 465/391/318
f 428/359/319 429/357/318 465/391/318 464/392/319
f 427/361/320 428/359/319 464/392/319 463/393/320
f 426/363/321 427/361/320 463/393/320 462/394/321
f 425/365/322 426/363/321 462/394/321 461/395/322
f 424/367/323 425/365/322 461/395/322 460/396/323
f 423/369/324 424/367/323 460/396/323 459/397/324
f 422/371/313 423/369/324 459/397/324 458/398/313
f 421/373/314 422/371/313 458/398/313 457/399/314
f 468/387/315 457/388/314 469/296/358 480/294/369
f 467/389/316 468/387/315 480/294/369 479/280/368
f 466/390/317 467/389/316 479/280/368 478/278/367
f 465/391/318 466/390/317 478/278/367 477/276/366
f 464/392/319 465/391/318 477/276/366 476/274/365
f 463/393/320 464/392/319 476/274/365 475/272/364
f 462/394/321 463/393/320 475/272/364 474/270/363
f 461/395/322 462/394/321 474/270/363 473/268/362
f 460/396/323 461/395/322 473/268/362 472/266/361
f 459/397/324 460/396/323 472/266/361 471/264/360
f 458/398/313 459/397/324 471/264/360 470/262/359
f 457/399/314 458/398/313 470/262/359 469/259/358
o Hips
v -12.965406 5.543814 -17.301502
v -13.671417 5.543814 -17.112328
v -14.188251 5.543815 -16.595493
v -14.377426 5.543814 -15.889482
v -14.188251 5.543814 -15.183473
v -13.671415 5.543815 -14.666638
v -12.965406 5.543815 -14.477465
v -12.259398 5.543814 -14.666638
v -11.742559 5.543814 -15.183474
v -11.553387 5.543814 -15.889482
v -11.742561 5.543814 -16.595493
v -12.259398 5.543814 -17.112328
v -12.965408 5.656732 -17.612087
v -13.826708 5.656732 -17.381300
v -14.457224 5.656732 -16.750784
v -14.688009 5.656732 -15.889482
v -14.457224 5.656732 -15.028183
v -13.826708 5.656732 -14.397666
v -12.965406 5.656732 -14.166881
v -12.104103 5.656732 -14.397666
v -11.473589 5.656732 -15.028180
v -11.242804 5.656732 -15.889482
v -11.473587 5.656732 -16.750784
v -12.104105 5.656732 -17.381302
v -12.965408 5.747556 -17.749386
v -13.895357 5.747556 -17.500206
v -14.576128 5.747556 -16.819433
v -14.825310 5.747556 -15.889483
v -14.576130 5.747556 -14.959531
v -13.895359 5.747556 -14.278760
v -12.965408 5.747556 -14.029579
v -12.035456 5.747556 -14.278757
v -11.354683 5.747556 -14.959531
v -11.105505 5.747556 -15.889482
v -11.354685 5.747556 -16.819435
v -12.035456 5.747556 -17.500206
v -12.965406 5.918661 -18.064613
v -14.052975 5.918661 -17.773201
v -14.849125 5.918661 -16.977047
v -15.140537 5.918661 -15.889483
v -14.849125 5.918661 -14.801918
v -14.052971 5.918661 -14.005764
v -12.965406 5.918661 -13.714351
v -11.877840 5.918661 -14.005764
v -11.081686 5.918662 -14.801917
v -10.790276 5.918661 -15.889482
v -11.081686 5.918661 -16.977047
v -11.877842 5.918661 -17.773201
v -12.965408 6.203836 -18.197868
v -14.119596 6.203836 -17.888603
v -14.964527 6.203836 -17.043674
v -15.273790 6.203837 -15.889482
v -14.964525 6.203837 -14.735291
v -14.119596 6.203836 -13.890363
v -12.965406 6.203837 -13.581099
v -11.811213 6.203836 -13.890363
v -10.966286 6.203837 -14.735291
v -10.657021 6.203837 -15.889482
v -10.966286 6.203836 -17.043674
v -11.811216 6.203836 -17.888603
v -12.965406 6.469939 -18.277431
v -14.159382 6.469939 -17.957508
v -15.033428 6.469939 -17.083456
v -15.353354 6.469939 -15.889482
v -15.033428 6.469939 -14.695508
v -14.159380 6.469939 -13.821459
v -12.965406 6.469939 -13.501535
v -11.771431 6.469940 -13.821459
v -10.897385 6.469939 -14.695510
v -10.577459 6.469939 -15.889482
v -10.897381 6.469939 -17.083458
v -11.771433 6.469939 -17.957508
v -12.965408 6.773122 -18.238594
v -14.139965 6.773122 -17.923872
v -14.999796 6.773122 -17.064037
v -15.314520 6.773122 -15.889482
v -14.999794 6.773123 -14.714927
v -14.139961 6.773123 -13.855093
v -12.965408 6.773123 -13.540373
v -11.790852 6.773123 -13.855093
v -10.931017 6.773123 -14.714928
v -10.616295 6.773123 -15.889482
v -10.931019 6.773122 -17.064037
v -11.790852 6.773122 -17.923874
vn -0.0000 -0.9795 -0.2012
vn -0.1006 -0.9795 -0.1743
vn -0.1743 -0.9795 -0.1006
vn -0.2012 -0.9795 -0.0000
vn -0.1743 -0.9795 0.1006
vn -0.1006 -0.9795 0.1743
vn -0.0000 -0.9795 0.2012
vn 0.1006 -0.9795 0.1743
vn 0.1743 -0.9795 0.1006
vn 0.2012 -0.9795 -0.0000
vn 0.1743 -0.9795 -0.1006
vn 0.1006 -0.9795 -0.1743
vn -0.0000 -0.8852 -0.4651
vn -0.2326 -0.8852 -0.4028
vn -0.4028 -0.8852 -0.2326
vn -0.4651 -0.8852 -0.0000
vn -0.4028 -0.8852 0.2326
vn -0.2326 -0.8852 0.4028
vn -0.0000 -0.8852 0.4651
vn 0.2326 -0.8852 0.4028
vn 0.4028 -0.8852 0.2326
vn 0.4651 -0.8852 -0.0000
vn 0.4028 -0.8852 -0.2326
vn 0.2326 -0.8852 -0.4028
vn -0.0000 -0.8605 -0.5095
vn -0.2548 -0.8605 -0.4413
vn -0.4413 -0.8605 -0.2548
vn -0.5095 -0.8605 -0.0000
vn -0.4413 -0.8605 0.2548
vn -0.2548 -0.8605 0.4413
vn -0.0000 -0.8605 0.5095
vn 0.2548 -0.8605 0.4413
vn 0.4413 -0.8605 0.2548
vn 0.5095 -0.8605 -0.0000
vn 0.4413 -0.8605 -0.2548
vn 0.2548 -0.8605 -0.4413
vn -0.0000 -0.6607 -0.7507
vn -0.3753 -0.6607 -0.6501
vn -0.6501 -0.6607 -0.3753
vn -0.7507 -0.6607 -0.0000
vn -0.6501 -0.6607 0.3753
vn -0.3753 -0.6607 0.6501
vn -0.0000 -0.6607 0.7507
vn 0.3753 -0.6607 0.6501
vn 0.6501 -0.6607 0.3753
vn 0.7507 -0.6607 -0.0000
vn 0.6501 -0.6607 -0.3753
vn 0.3753 -0.6607 -0.6501
vn -0.0000 -0.3519 -0.9360
vn -0.4680 -0.3519 -0.8106
vn -0.8106 -0.3519 -0.4680
vn -0.9360 -0.3519 -0.0000
vn -0.8106 -0.3519 0.4680
vn -0.4680 -0.3519 0.8106
vn -0.0000 -0.3519 0.9360
vn 0.4680 -0.3519 0.8106
vn 0.8106 -0.3519 0.4680
vn 0.9360 -0.3519 -0.0000
vn 0.8106 -0.3519 -0.4680
vn 0.4680 -0.3519 -0.8106
vn -0.0000 -0.0788 -0.9969
vn -0.4984 -0.0788 -0.8633
vn -0.8633 -0.0788 -0.4984
vn -0.9969 -0.0788 -0.0000
vn -0.8633 -0.0788 0.4984
vn -0.4984 -0.0788 0.8633
vn -0.0000 -0.0788 0.9969
vn 0.4984 -0.0788 0.8633
vn 0.8633 -0.0788 0.4984
vn 0.9969 -0.0788 -0.0000
vn 0.8633 -0.0788 -0.4984
vn 0.4984 -0.0788 -0.8633
vn -0.0000 0.6998 -0.7144
vn -0.3572 0.6998 -0.6187
vn -0.6187 0.6998 -0.3572
vn -0.7144 0.6998 -0.0000
vn -0.6187 0.6998 0.3572
vn -0.3572 0.6998 0.6187
vn -0.0000 0.6998 0.7144
vn 0.3572 0.6998 0.6187
vn 0.6187 0.6998 0.3572
vn 0.7144 0.6998 -0.0000
vn 0.6187 0.6998 -0.3572
vn 0.3572 0.6998 -0.6187
vt 0.000000 0.000000
s 1
usemtl Pants
f 482/400/371 481/400/370 492/400/381 491/400/380 490/400/379 489/400/378 488/400/377 487/400/376 486/400/375 485/400/374 484/400/373 483/400/372
f 495/400/384 496/400/385 508/400/397 507/400/396
f 487/400/376 488/400/377 500/400/389 499/400/388
f 484/400/373 485/400/374 497/400/386 496/400/385
f 491/400/380 492/400/381 504/400/393 503/400/392
f 481/400/370 482/400/371 494/400/383 493/400/382
f 488/400/377 489/400/378 501/400/390 500/400/389
f 485/400/374 486/400/375 498/400/387 497/400/386
f 492/400/381 481/400/370 493/400/382 504/400/393
f 482/400/371 483/400/372 495/400/384 494/400/383
f 489/400/378 490/400/379 502/400/391 501/400/390
f 486/400/375 487/400/376 499/400/388 498/400/387
f 483/400/372 484/400/373 496/400/385 495/400/384
f 490/400/379 491/400/380 503/400/392 502/400/391
f 510/400/399 511/400/400 523/400/412 522/400/411
f 502/400/391 503/400/392 515/400/404 514/400/403
f 499/400/388 500/400/389 512/400/401 511/400/400
f 496/400/385 497/400/386 509/400/398 508/400/397
f 503/400/392 504/400/393 516/400/405 515/400/404
f 493/400/382 494/400/383 506/400/395 505/400/394
f 500/400/389 501/400/390 513/400/402 512/400/401
f 497/400/386 498/400/387 510/400/399 509/400/398
f 504/400/393 493/400/382 505/400/394 516/400/405
f 494/400/383 495/400/384 507/400/396 506/400/395
f 501/400/390 502/400/391 514/400/403 513/400/402
f 498/400/387 499/400/388 511/400/400 510/400/399
f 525/400/414 526/400/415 538/400/427 537/400/426
f 507/400/396 508/400/397 520/400/409 519/400/408
f 514/400/403 515/400/404 527/400/416 526/400/415
f 511/400/400 512/400/401 524/400/413 523/400/412
f 508/400/397 509/400/398 521/400/410 520/400/409
f 515/400/404 516/400/405 528/400/417 527/400/416
f 505/400/394 506/400/395 518/400/407 517/400/406
f 512/400/401 513/400/402 525/400/414 524/400/413
f 509/400/398 510/400/399 522/400/411 521/400/410
f 516/400/405 505/400/394 517/400/406 528/400/417
f 506/400/395 507/400/396 519/400/408 518/400/407
f 513/400/402 514/400/403 526/400/415 525/400/414
f 530/400/419 531/400/420 543/400/432 542/400/431
f 522/400/411 523/400/412 535/400/424 534/400/423
f 519/400/408 520/400/409 532/400/421 531/400/420
f 526/400/415 527/400/416 539/400/428 538/400/427
f 523/400/412 524/400/413 536/400/425 535/400/424
f 520/400/409 521/400/410 533/400/422 532/400/421
f 527/400/416 528/400/417 540/400/429 539/400/428
f 517/400/406 518/400/407 530/400/419 529/400/418
f 524/400/413 525/400/414 537/400/426 536/400/425
f 521/400/410 522/400/411 534/400/423 533/400/422
f 528/400/417 517/400/406 529/400/418 540/400/429
f 518/400/407 519/400/408 531/400/420 530/400/419
f 552/400/441 541/400/430 553/400/442 564/400/453
f 537/400/426 538/400/427 550/400/439 549/400/438
f 534/400/423 535/400/424 547/400/436 546/400/435
f 531/400/420 532/400/421 544/400/433 543/400/432
f 538/400/427 539/400/428 551/400/440 550/400/439
f 535/400/424 536/400/425 548/400/437 547/400/436
f 532/400/421 533/400/422 545/400/434 544/400/433
f 539/400/428 540/400/429 552/400/441 551/400/440
f 529/400/418 530/400/419 542/400/431 541/400/430
f 536/400/425 537/400/426 549/400/438 548/400/437
f 533/400/422 534/400/423 546/400/435 545/400/434
f 540/400/429 529/400/418 541/400/430 552/400/441
f 554/400/443 555/400/444 556/400/445 557/400/446 558/400/447 559/400/448 560/400/449 561/400/450 562/400/451 563/400/452 564/400/453 553/400/442
f 542/400/431 543/400/432 555/400/444 554/400/443
f 549/400/438 550/400/439 562/400/451 561/400/450
f 546/400/435 547/400/436 559/400/448 558/400/447
f 543/400/432 544/400/433 556/400/445 555/400/444
f 550/400/439 551/400/440 563/400/452 562/400/451
f 547/400/436 548/400/437 560/400/449 559/400/448
f 544/400/433 545/400/434 557/400/446 556/400/445
f 551/400/440 552/400/441 564/400/453 563/400/452
f 541/400/430 542/400/431 554/400/443 553/400/442
f 548/400/437 549/400/438 561/400/450 560/400/449
f 545/400/434 546/400/435 558/400/447 557/400/446
o Torso
v -12.965473 6.684790 -18.371614
v -14.204159 6.684790 -18.039707
v -15.110947 6.684790 -17.132921
v -15.442856 6.684790 -15.894230
v -15.110947 6.684790 -14.655540
v -14.204165 6.684790 -13.748751
v -12.965467 6.684790 -13.416845
v -11.726776 6.684790 -13.748755
v -10.819996 6.684790 -14.655538
v -10.488087 6.684790 -15.894230
v -10.819994 6.684790 -17.132923
v -11.726780 6.684790 -18.039707
v -12.965473 9.540962 -17.917118
v -13.905132 9.540962 -17.665337
v -14.593006 9.540963 -16.977457
v -14.844788 9.540963 -15.894231
v -14.593006 9.540963 -14.954570
v -13.905132 9.540963 -14.266690
v -12.965473 9.540963 -14.014911
v -12.025812 9.540963 -14.266690
v -11.337933 9.540962 -14.954570
v -11.086149 9.540962 -15.894230
v -11.337933 9.540962 -16.977457
v -12.025812 9.540962 -17.665337
v -12.965473 7.273876 -13.427120
v -14.199022 7.273876 -13.757652
v -15.432577 7.273876 -15.894230
v -15.102047 7.273876 -17.127785
v -10.828894 7.273876 -17.127785
v -10.498362 7.273876 -15.894231
v -11.731916 7.273876 -13.757652
v -15.102047 7.273876 -14.660676
v -11.731916 7.273876 -18.030809
v -14.199022 7.273876 -18.030809
v -12.965473 7.273876 -18.361340
v -10.828890 7.273876 -14.660676
v -12.965467 8.245484 -13.492591
v -15.367109 8.245484 -15.894230
v -10.885590 8.245484 -17.095051
v -11.764648 8.245484 -13.814351
v -15.045349 8.245484 -14.693410
v -11.764654 8.245484 -17.974110
v -14.166290 8.245484 -17.974110
v -10.885590 8.245484 -14.693410
v -14.166290 8.245484 -13.814348
v -15.045349 8.245484 -17.095051
v -10.563831 8.245484 -15.894231
v -12.965473 8.245484 -18.295868
v -12.965473 8.893224 -13.667992
v -15.191708 8.893224 -15.894231
v -11.037491 8.893224 -17.007351
v -11.852352 8.893224 -13.966250
v -14.893454 8.893224 -14.781110
v -11.852352 8.893224 -17.822210
v -14.078587 8.893224 -17.822212
v -11.037491 8.893224 -14.781111
v -14.078592 8.893224 -13.966250
v -14.893454 8.893224 -17.007347
v -10.739233 8.893224 -15.894231
v -12.965473 8.893224 -18.120468
v -12.965473 11.351331 -17.578600
v -13.812405 11.327329 -17.352940
v -14.432407 11.261755 -16.736416
v -14.659344 11.172179 -15.894230
v -14.432407 11.082603 -15.052046
v -13.812405 11.017028 -14.435523
v -12.965473 10.993026 -14.209859
v -12.118534 11.017028 -14.435523
v -11.498537 11.082603 -15.052044
v -11.271597 11.172179 -15.894231
v -11.498537 11.261755 -16.736416
v -12.118534 11.327329 -17.352938
v -12.959999 12.225483 -17.183788
v -13.620491 12.206764 -17.007801
v -14.104006 12.155626 -16.527000
v -14.280983 12.085770 -15.870213
v -14.104006 12.015913 -15.213425
v -13.620491 11.964775 -14.732624
v -12.959999 11.374518 -14.556639
v -12.299505 11.964775 -14.732626
v -11.815990 12.015913 -15.213425
v -11.639013 12.085770 -15.870214
v -11.815990 12.155626 -16.527002
v -12.299511 12.206764 -17.007801
v -12.960003 12.355443 -17.143938
v -13.598450 12.337348 -16.973825
v -14.065826 12.287916 -16.509068
v -14.236902 12.220389 -15.874199
v -14.065826 12.152864 -15.239327
v -13.616110 12.020714 -14.681847
v -12.303886 12.020714 -14.681847
v -11.854170 12.152864 -15.239327
v -11.683096 12.220389 -15.874198
v -11.854170 12.287916 -16.509068
v -12.321547 12.337348 -16.973825
v -12.959999 11.747939 -17.537136
v -13.815933 11.723682 -17.309074
v -14.442514 11.657413 -16.686008
v -14.671864 11.566884 -15.834879
v -14.442514 11.476357 -14.983749
v -13.815933 11.410089 -14.360681
v -12.104069 11.410089 -14.360681
v -11.477488 11.476357 -14.983748
v -11.248140 11.566884 -15.834878
v -11.477488 11.657413 -16.686008
v -12.104069 11.723682 -17.309078
vn -0.0000 -0.6467 -0.7627
vn -0.3814 -0.6467 -0.6605
vn -0.6605 -0.6467 -0.3814
vn -0.7627 -0.6467 -0.0000
vn -0.6605 -0.6467 0.3814
vn -0.3814 -0.6467 0.6605
vn -0.0000 -0.6467 0.7627
vn 0.3814 -0.6467 0.6605
vn 0.6605 -0.6467 0.3814
vn 0.7627 -0.6467 -0.0000
vn 0.6605 -0.6467 -0.3814
vn 0.3814 -0.6467 -0.6605
vn -0.0000 0.2449 -0.9696
vn -0.4742 0.2532 -0.8432
vn -0.8257 0.2797 -0.4899
vn -0.9529 0.3030 0.0108
vn -0.8217 0.3107 0.4778
vn -0.4729 0.3142 0.8232
vn -0.0000 0.3157 0.9489
vn 0.4729 0.3142 0.8232
vn 0.8217 0.3107 0.4778
vn 0.9529 0.3030 0.0108
vn 0.8257 0.2797 -0.4899
vn 0.4742 0.2532 -0.8432
vn -0.0000 0.0422 0.9991
vn -0.4996 0.0422 0.8653
vn -0.9991 0.0422 -0.0000
vn -0.8653 0.0422 -0.4996
vn 0.8653 0.0422 -0.4996
vn 0.9991 0.0422 -0.0000
vn 0.4996 0.0422 0.8653
vn -0.8653 0.0422 0.4996
vn 0.4996 0.0422 -0.8653
vn -0.4996 0.0422 -0.8653
vn -0.0000 0.0422 -0.9991
vn 0.8653 0.0422 0.4996
vn -0.0000 0.1625 0.9867
vn -0.9867 0.1625 -0.0000
vn 0.8545 0.1625 -0.4934
vn 0.4934 0.1625 0.8545
vn -0.8545 0.1625 0.4934
vn 0.4934 0.1625 -0.8545
vn -0.4934 0.1625 -0.8545
vn 0.8545 0.1625 0.4934
vn -0.4934 0.1625 0.8545
vn -0.8545 0.1625 -0.4934
vn 0.9867 0.1625 -0.0000
vn -0.0000 0.1625 -0.9867
vn -0.0000 0.3629 0.9318
vn -0.9338 0.3577 0.0029
vn 0.8241 0.3320 -0.4589
vn 0.4659 0.3629 0.8070
vn -0.8070 0.3629 0.4659
vn 0.4843 0.2925 -0.8245
vn -0.4843 0.2925 -0.8245
vn 0.8070 0.3629 0.4659
vn -0.4659 0.3629 0.8070
vn -0.8241 0.3320 -0.4589
vn 0.9338 0.3577 0.0029
vn -0.0000 0.2796 -0.9601
vn -0.0004 0.2967 -0.9550
vn -0.4900 0.2907 -0.8219
vn -0.8476 0.2689 -0.4575
vn -0.9688 0.2467 0.0238
vn -0.8329 0.2380 0.4997
vn -0.4416 0.2660 0.8569
vn -0.0001 0.2800 0.9600
vn 0.4412 0.2644 0.8576
vn 0.8337 0.2341 0.5002
vn 0.9700 0.2420 0.0233
vn 0.8482 0.2648 -0.4587
vn 0.4896 0.2882 -0.8229
vn 0.0005 0.3556 -0.9346
vn -0.4825 0.3560 -0.8003
vn -0.8257 0.3540 -0.4393
vn -0.9362 0.3493 0.0394
vn -0.8197 0.2828 0.4982
vn -0.5892 0.2634 0.7639
vn 0.0005 0.4426 0.8967
vn 0.5910 0.2603 0.7635
vn 0.8213 0.2783 0.4980
vn 0.9381 0.3442 0.0389
vn 0.8272 0.3495 -0.4401
vn 0.4836 0.3534 -0.8008
vn -0.0000 -0.9638 -0.2668
vn -0.0945 -0.9619 -0.2568
vn -0.1987 -0.9573 -0.2099
vn -0.2863 -0.9531 -0.0976
vn -0.2973 -0.9539 0.0411
vn 0.2470 -0.8895 -0.3843
vn -0.2470 -0.8895 -0.3843
vn 0.2973 -0.9539 0.0411
vn 0.2863 -0.9531 -0.0976
vn 0.1987 -0.9573 -0.2099
vn 0.0945 -0.9619 -0.2567
vn -0.0000 -0.5434 0.8395
vn 0.4503 -0.5457 0.7068
vn 0.7528 -0.5509 0.3603
vn 0.8280 -0.5556 -0.0758
vn 0.6913 -0.5508 -0.4676
vn 0.5776 -0.5350 -0.6165
vn -0.5776 -0.5350 -0.6165
vn -0.6913 -0.5508 -0.4676
vn -0.8280 -0.5556 -0.0758
vn -0.7528 -0.5509 0.3603
vn -0.4503 -0.5457 0.7068
vt 0.000000 0.000000
s 1
usemtl Shirt
f 566/401/455 565/401/454 576/401/465 575/401/464 574/401/463 573/401/462 572/401/461 571/401/460 570/401/459 569/401/458 568/401/457 567/401/456
f 587/401/476 588/401/477 636/401/525 635/401/524
f 621/401/510 613/401/502 583/401/472 582/401/471
f 622/401/511 614/401/503 580/401/469 579/401/468
f 623/401/512 615/401/504 587/401/476 586/401/475
f 613/401/502 616/401/505 584/401/473 583/401/472
f 614/401/503 617/401/506 581/401/470 580/401/469
f 615/401/504 618/401/507 588/401/477 587/401/476
f 624/401/513 619/401/508 578/401/467 577/401/466
f 616/401/505 620/401/509 585/401/474 584/401/473
f 617/401/506 621/401/510 582/401/471 581/401/470
f 618/401/507 624/401/513 577/401/466 588/401/477
f 619/401/508 622/401/511 579/401/468 578/401/467
f 620/401/509 623/401/512 586/401/475 585/401/474
f 573/401/462 574/401/463 594/401/483 600/401/489
f 566/401/455 567/401/456 592/401/481 598/401/487
f 576/401/465 565/401/454 599/401/488 597/401/486
f 569/401/458 570/401/459 590/401/479 596/401/485
f 572/401/461 573/401/462 600/401/489 595/401/484
f 565/401/454 566/401/455 598/401/487 599/401/488
f 575/401/464 576/401/465 597/401/486 593/401/482
f 568/401/457 569/401/458 596/401/485 591/401/480
f 571/401/460 572/401/461 595/401/484 589/401/478
f 574/401/463 575/401/464 593/401/482 594/401/483
f 567/401/456 568/401/457 591/401/480 592/401/481
f 570/401/459 571/401/460 589/401/478 590/401/479
f 600/401/489 594/401/483 611/401/500 608/401/497
f 598/401/487 592/401/481 610/401/499 607/401/496
f 597/401/486 599/401/488 612/401/501 606/401/495
f 596/401/485 590/401/479 609/401/498 605/401/494
f 595/401/484 600/401/489 608/401/497 604/401/493
f 599/401/488 598/401/487 607/401/496 612/401/501
f 593/401/482 597/401/486 606/401/495 603/401/492
f 591/401/480 596/401/485 605/401/494 602/401/491
f 589/401/478 595/401/484 604/401/493 601/401/490
f 594/401/483 593/401/482 603/401/492 611/401/500
f 592/401/481 591/401/480 602/401/491 610/401/499
f 590/401/479 589/401/478 601/401/490 609/401/498
f 608/401/497 611/401/500 623/401/512 620/401/509
f 607/401/496 610/401/499 622/401/511 619/401/508
f 606/401/495 612/401/501 624/401/513 618/401/507
f 605/401/494 609/401/498 621/401/510 617/401/506
f 604/401/493 608/401/497 620/401/509 616/401/505
f 612/401/501 607/401/496 619/401/508 624/401/513
f 603/401/492 606/401/495 618/401/507 615/401/504
f 602/401/491 605/401/494 617/401/506 614/401/503
f 601/401/490 604/401/493 616/401/505 613/401/502
f 611/401/500 603/401/492 615/401/504 623/401/512
f 610/401/499 602/401/491 614/401/503 622/401/511
f 609/401/498 601/401/490 613/401/502 621/401/510
f 631/401/520 632/401/521 644/401/533 643/401/532
f 577/401/466 578/401/467 626/401/515 625/401/514
f 584/401/473 585/401/474 633/401/522 632/401/521
f 581/401/470 582/401/471 630/401/519 629/401/518
f 588/401/477 577/401/466 625/401/514 636/401/525
f 578/401/467 579/401/468 627/401/516 626/401/515
f 585/401/474 586/401/475 634/401/523 633/401/522
f 582/401/471 583/401/472 631/401/520 630/401/519
f 579/401/468 580/401/469 628/401/517 627/401/516
f 586/401/475 587/401/476 635/401/524 634/401/523
f 583/401/472 584/401/473 632/401/521 631/401/520
f 580/401/469 581/401/470 629/401/518 628/401/517
f 628/401/517 629/401/518 641/401/530 640/401/529
f 635/401/524 636/401/525 648/401/537 647/401/536
f 625/401/514 626/401/515 638/401/527 637/401/526
f 632/401/521 633/401/522 645/401/534 644/401/533
f 629/401/518 630/401/519 642/401/531 641/401/530
f 636/401/525 625/401/514 637/401/526 648/401/537
f 626/401/515 627/401/516 639/401/528 638/401/527
f 633/401/522 634/401/523 646/401/535 645/401/534
f 630/401/519 631/401/520 643/401/532 642/401/531
f 627/401/516 628/401/517 640/401/529 639/401/528
f 634/401/523 635/401/524 647/401/536 646/401/535
f 639/401/528 640/401/529 652/401/541 651/401/540
f 646/401/535 647/401/536 658/401/547 657/401/546
f 640/401/529 641/401/530 653/401/542 652/401/541
f 647/401/536 648/401/537 659/401/548 658/401/547
f 637/401/526 638/401/527 650/401/539 649/401/538
f 644/401/533 645/401/534 656/401/545 655/401/544
f 641/401/530 642/401/531 654/401/543 653/401/542
f 648/401/537 637/401/526 649/401/538 659/401/548
f 638/401/527 639/401/528 651/401/540 650/401/539
f 645/401/534 646/401/535 657/401/546 656/401/545
f 655/401/544 656/401/545 667/401/556 666/401/555
f 651/401/540 652/401/541 663/401/552 662/401/551
f 659/401/548 649/401/538 660/401/549 670/401/559
f 656/401/545 657/401/546 668/401/557 667/401/556
f 652/401/541 653/401/542 664/401/553 663/401/552
f 649/401/538 650/401/539 661/401/550 660/401/549
f 657/401/546 658/401/547 669/401/558 668/401/557
f 653/401/542 654/401/543 665/401/554 664/401/553
f 650/401/539 651/401/540 662/401/551 661/401/550
f 658/401/547 659/401/548 670/401/559 669/401/558
o Sleeves
v -11.183563 11.330739 -16.272110
v -11.005884 11.382054 -16.222874
v -10.875629 11.419590 -16.087765
v -10.827713 11.433284 -15.902982
v -10.874975 11.419469 -15.718036
v -11.004744 11.381845 -15.582487
v -11.182247 11.330498 -15.532654
v -11.359930 11.279181 -15.581888
v -11.490179 11.241648 -15.717000
v -11.538095 11.227953 -15.901783
v -11.490833 11.241768 -16.086727
v -11.361067 11.279390 -16.222275
v -11.138391 11.173513 -16.434196
v -10.882879 11.247309 -16.363396
v -10.695572 11.301285 -16.169102
v -10.626669 11.320977 -15.903376
v -10.694626 11.301110 -15.637418
v -10.881239 11.247008 -15.442492
v -11.136499 11.173166 -15.370831
v -11.392015 11.099371 -15.441631
v -11.579317 11.045396 -15.635926
v -11.648222 11.025702 -15.901652
v -11.580263 11.045569 -16.167610
v -11.393652 11.099671 -16.362534
v -11.064890 10.918810 -16.505547
v -10.775196 11.002478 -16.425272
v -10.562824 11.063675 -16.204983
v -10.484705 11.086001 -15.903704
v -10.561752 11.063478 -15.602164
v -10.773336 11.002136 -15.381161
v -11.062744 10.918416 -15.299911
v -11.352446 10.834748 -15.380184
v -11.564808 10.773551 -15.600473
v -11.642935 10.751225 -15.901752
v -11.565880 10.773748 -16.203291
v -11.354305 10.835089 -16.424295
v -10.971323 10.594779 -16.558670
v -10.656227 10.685782 -16.471357
v -10.425240 10.752345 -16.231754
v -10.340269 10.776629 -15.904062
v -10.424072 10.752131 -15.576086
v -10.654205 10.685412 -15.335705
v -10.968990 10.594351 -15.247331
v -11.284088 10.503347 -15.334643
v -11.515066 10.436787 -15.574247
v -11.600042 10.412500 -15.901938
v -11.516235 10.437000 -16.229916
v -11.286108 10.503718 -16.470295
v -11.195980 11.374275 -16.174755
v -11.065071 11.412085 -16.138481
v -10.969103 11.439739 -16.038933
v -10.933798 11.449828 -15.902787
v -10.968616 11.439650 -15.766521
v -11.064230 11.411930 -15.666651
v -11.195013 11.374098 -15.629934
v -11.325928 11.336288 -15.666209
v -11.421892 11.308633 -15.765758
v -11.457197 11.298544 -15.901903
v -11.422379 11.308723 -16.038170
v -11.326767 11.336442 -16.138039
v -11.209591 11.422320 -16.009098
v -11.158270 11.437142 -15.994874
v -11.120647 11.447984 -15.955850
v -11.106808 11.451940 -15.902477
v -11.120459 11.447948 -15.849058
v -11.157942 11.437082 -15.809906
v -11.209209 11.422251 -15.795512
v -11.260529 11.407429 -15.809734
v -11.298153 11.396587 -15.848760
v -11.311993 11.392632 -15.902132
v -11.298342 11.396622 -15.955550
v -11.260860 11.407489 -15.994702
v -14.715660 11.314245 -16.272461
v -14.884798 11.388857 -16.222933
v -15.008610 11.443507 -16.087610
v -15.053913 11.463550 -15.902747
v -15.008581 11.443618 -15.717881
v -14.884739 11.389049 -15.582545
v -14.715593 11.314467 -15.533005
v -14.546453 11.239857 -15.582532
v -14.422642 11.185207 -15.717855
v -14.377335 11.165162 -15.902715
v -14.422672 11.185097 -16.087584
v -14.546509 11.239664 -16.222919
v -14.781734 11.164401 -16.434368
v -15.024963 11.271694 -16.363144
v -15.203014 11.350284 -16.168541
v -15.268164 11.379107 -15.902704
v -15.202967 11.350444 -15.636859
v -15.024883 11.271971 -15.442238
v -14.781641 11.164721 -15.370997
v -14.538410 11.057426 -15.442219
v -14.360361 10.978839 -15.636820
v -14.295212 10.950014 -15.902660
v -14.360409 10.978678 -16.168507
v -14.538488 11.057150 -16.363125
v -14.888737 10.921772 -16.505417
v -15.164507 11.043420 -16.424667
v -15.366381 11.132524 -16.204029
v -15.440247 11.165202 -15.902621
v -15.366325 11.132705 -15.601210
v -15.164413 11.043733 -15.380555
v -14.888630 10.922132 -15.299781
v -14.612852 10.800483 -15.380530
v -14.410992 10.711382 -15.601170
v -14.337118 10.678701 -15.902574
v -14.411041 10.711201 -16.203987
v -14.612947 10.800171 -16.424644
v -15.024851 10.613123 -16.558165
v -15.324800 10.745439 -16.470335
v -15.544374 10.842354 -16.230350
v -15.624712 10.877896 -15.902522
v -15.544315 10.842550 -15.574681
v -15.324699 10.745778 -15.334682
v -15.024738 10.613517 -15.246825
v -14.724787 10.481202 -15.334655
v -14.505220 10.384289 -15.574637
v -14.424875 10.348743 -15.902469
v -14.505280 10.384092 -16.230307
v -14.724884 10.480862 -16.470308
v -14.697350 11.355770 -16.175159
v -14.821966 11.410743 -16.138668
v -14.913193 11.451008 -16.038961
v -14.946569 11.465775 -15.902757
v -14.913168 11.451090 -15.766551
v -14.821924 11.410884 -15.666837
v -14.697300 11.355934 -15.630334
v -14.572681 11.300961 -15.666826
v -14.481457 11.260696 -15.766531
v -14.448076 11.245927 -15.902735
v -14.481482 11.260614 -16.038942
v -14.572721 11.300819 -16.138657
v -14.677130 11.401631 -16.009552
v -14.725986 11.423182 -15.995247
v -14.761747 11.438966 -15.956161
v -14.774834 11.444756 -15.902765
v -14.761738 11.438999 -15.849370
v -14.725967 11.423237 -15.810279
v -14.677113 11.401695 -15.795971
v -14.628258 11.380144 -15.810274
v -14.592495 11.364360 -15.849361
v -14.579409 11.358570 -15.902759
v -14.592506 11.364327 -15.956154
v -14.628273 11.380089 -15.995244
vn -0.2222 0.7722 0.5953
vn 0.0633 0.8548 0.5151
vn -0.0814 0.9445 0.3183
vn -0.2576 0.8935 0.3678
vn 0.7092 0.7050 -0.0010
vn 0.5971 0.6722 0.4377
vn 0.7325 0.4810 0.4818
vn 0.8559 0.5171 -0.0014
vn -0.1318 0.4612 0.8775
vn 0.2892 0.5830 0.7592
vn 0.2709 0.9155 -0.2975
vn 0.3480 0.9375 -0.0003
vn 0.5955 0.6725 -0.4394
vn -0.7945 0.6073 0.0016
vn -0.7185 0.6295 -0.2958
vn -0.8639 0.2507 -0.4369
vn -0.9760 0.2179 0.0018
vn -0.5080 0.6897 0.5161
vn -0.5533 0.3395 0.7607
vn 0.2720 0.9153 0.2971
vn -0.5098 0.6900 -0.5138
vn -0.5560 0.3400 -0.7585
vn -0.2243 0.7726 -0.5940
vn 0.0615 0.8551 -0.5148
vn 0.2865 0.5835 -0.7599
vn -0.1349 0.4618 -0.8767
vn -0.7174 0.6293 0.2988
vn -0.8623 0.2504 0.4402
vn 0.9061 0.4230 -0.0015
vn 0.7798 0.3861 0.4927
vn -0.5374 0.1151 -0.8355
vn -0.8764 0.0168 -0.4814
vn 0.3905 0.3833 -0.8370
vn -0.0737 0.2492 -0.9656
vn -0.8746 0.0165 0.4845
vn -0.5344 0.1146 0.8374
vn 0.3935 0.3827 0.8359
vn 0.7307 0.4813 -0.4841
vn -0.9998 -0.0193 0.0018
vn -0.0702 0.2486 0.9661
vn -0.8658 -0.0887 -0.4925
vn -0.5191 0.0118 -0.8547
vn -0.0447 0.1490 -0.9878
vn 0.4300 0.2861 -0.8563
vn 0.4300 0.2862 -0.8563
vn -0.5160 0.0113 0.8565
vn -0.8640 -0.0890 0.4955
vn 0.4331 0.2856 0.8549
vn 0.7781 0.3864 -0.4952
vn -0.9921 -0.1256 0.0017
vn -0.0412 0.1484 0.9881
vn -0.4340 0.8426 0.3189
vn -0.2733 0.9466 0.1707
vn -0.3550 0.9231 0.1481
vn 0.0467 0.9819 -0.1833
vn 0.0943 0.9955 0.0002
vn -0.6109 0.7917 0.0013
vn -0.5640 0.8054 -0.1823
vn 0.0474 0.9818 0.1838
vn -0.4352 0.8428 -0.3168
vn -0.2589 0.8937 -0.3663
vn -0.0826 0.9447 -0.3174
vn -0.5633 0.8053 0.1848
vn -0.1923 0.9703 -0.1465
vn -0.2739 0.9468 -0.1691
vn -0.3555 0.9232 -0.1462
vn -0.4152 0.9059 -0.0839
vn -0.4369 0.8995 0.0011
vn -0.4149 0.9058 0.0860
vn -0.1918 0.9702 0.1478
vn -0.1321 0.9875 0.0855
vn -0.1104 0.9939 0.0005
vn -0.1324 0.9876 -0.0844
vn -0.2777 0.9607 0.0008
vn 0.3245 0.7358 0.5944
vn 0.3754 0.8512 0.3668
vn 0.2075 0.9253 0.3176
vn 0.0524 0.8558 0.5147
vn -0.6086 0.7934 -0.0002
vn -0.7792 0.6268 -0.0001
vn -0.6607 0.5748 0.4828
vn -0.5011 0.7462 0.4384
vn -0.2073 0.6167 0.7594
vn 0.1939 0.4398 0.8769
vn -0.1468 0.9433 -0.2976
vn -0.5012 0.7459 -0.4387
vn -0.2196 0.9756 -0.0003
vn 0.8685 0.4957 -0.0002
vn 0.9963 0.0856 -0.0001
vn 0.8888 0.1329 -0.4387
vn 0.7956 0.5277 -0.2975
vn 0.5952 0.2628 0.7594
vn 0.5965 0.6158 0.5147
vn -0.1467 0.9435 0.2970
vn 0.5950 0.2623 -0.7597
vn 0.5964 0.6155 -0.5152
vn 0.3244 0.7355 -0.5949
vn 0.1938 0.4393 -0.8772
vn -0.2075 0.6163 -0.7597
vn 0.0524 0.8555 -0.5152
vn 0.8889 0.1332 0.4384
vn 0.7956 0.5279 0.2971
vn -0.8415 0.5403 -0.0001
vn -0.7203 0.4870 0.4939
vn 0.8698 -0.1006 -0.4830
vn 0.5463 0.0420 -0.8365
vn 0.1045 0.2368 -0.9659
vn -0.3374 0.4317 -0.8365
vn 0.5465 0.0425 0.8364
vn 0.8699 -0.1003 0.4829
vn -0.3372 0.4322 0.8364
vn -0.6608 0.5745 -0.4830
vn 0.9883 -0.1527 -0.0000
vn 0.1046 0.2374 0.9658
vn 0.8453 -0.2038 -0.4940
vn 0.5144 -0.0580 -0.8556
vn 0.5144 -0.0579 -0.8556
vn 0.0624 0.1413 -0.9880
vn -0.3896 0.3407 -0.8557
vn 0.5145 -0.0574 0.8556
vn 0.8453 -0.2035 0.4940
vn -0.3894 0.3412 0.8555
vn -0.7204 0.4867 -0.4941
vn 0.9664 -0.2570 -0.0000
vn 0.0625 0.1419 0.9879
vn 0.5433 0.7771 0.3176
vn 0.4754 0.8674 0.1469
vn 0.3977 0.9017 0.1696
vn 0.0395 0.9992 -0.0003
vn 0.0845 0.9793 -0.1838
vn 0.6662 0.7228 -0.1838
vn 0.7112 0.7030 -0.0003
vn 0.0845 0.9794 0.1832
vn 0.5432 0.7770 -0.3182
vn 0.2074 0.9251 -0.3182
vn 0.3753 0.8510 -0.3673
vn 0.6662 0.7229 0.1833
vn 0.3199 0.9359 -0.1475
vn 0.2630 0.9610 -0.0853
vn 0.2422 0.9702 -0.0003
vn 0.2630 0.9611 0.0847
vn 0.3199 0.9360 0.1469
vn 0.5323 0.8423 0.0847
vn 0.5531 0.8331 -0.0003
vn 0.5323 0.8423 -0.0853
vn 0.4754 0.8673 -0.1475
vn 0.3976 0.9016 -0.1702
vn 0.4035 0.9150 -0.0003
vt 0.000000 0.000000
s 1
usemtl Shirt
f 677/402/560 676/402/561 724/402/562 725/402/563
f 686/402/564 687/402/565 699/402/566 698/402/567
f 676/402/561 677/402/560 689/402/568 688/402/569
f 673/402/570 674/402/571 686/402/564 685/402/572
f 680/402/573 681/402/574 693/402/575 692/402/576
f 677/402/560 678/402/577 690/402/578 689/402/568
f 674/402/571 675/402/579 687/402/565 686/402/564
f 681/402/574 682/402/580 694/402/581 693/402/575
f 671/402/582 672/402/583 684/402/584 683/402/585
f 678/402/577 679/402/586 691/402/587 690/402/578
f 675/402/579 676/402/561 688/402/569 687/402/565
f 682/402/580 671/402/582 683/402/585 694/402/581
f 672/402/583 673/402/570 685/402/572 684/402/584
f 679/402/586 680/402/573 692/402/576 691/402/587
f 698/402/588 699/402/589 711/402/589 710/402/588
f 693/402/575 694/402/581 706/402/590 705/402/591
f 683/402/585 684/402/584 696/402/592 695/402/593
f 690/402/578 691/402/587 703/402/594 702/402/595
f 687/402/565 688/402/569 700/402/596 699/402/566
f 694/402/581 683/402/585 695/402/593 706/402/590
f 684/402/584 685/402/572 697/402/597 696/402/592
f 691/402/587 692/402/576 704/402/598 703/402/594
f 688/402/569 689/402/568 701/402/599 700/402/596
f 685/402/572 686/402/564 698/402/567 697/402/597
f 692/402/576 693/402/575 705/402/591 704/402/598
f 689/402/568 690/402/578 702/402/595 701/402/599
f 705/402/600 706/402/601 718/402/601 717/402/600
f 695/402/602 696/402/603 708/402/604 707/402/602
f 702/402/605 703/402/606 715/402/606 714/402/605
f 699/402/589 700/402/607 712/402/607 711/402/589
f 706/402/601 695/402/602 707/402/602 718/402/601
f 696/402/603 697/402/608 709/402/608 708/402/604
f 703/402/606 704/402/609 716/402/609 715/402/606
f 700/402/607 701/402/610 713/402/610 712/402/607
f 697/402/608 698/402/588 710/402/588 709/402/608
f 704/402/609 705/402/600 717/402/600 716/402/609
f 701/402/610 702/402/605 714/402/605 713/402/610
f 726/402/611 725/402/563 737/402/612 738/402/613
f 674/402/571 673/402/570 721/402/614 722/402/615
f 681/402/574 680/402/573 728/402/616 729/402/617
f 678/402/577 677/402/560 725/402/563 726/402/611
f 675/402/579 674/402/571 722/402/615 723/402/618
f 682/402/580 681/402/574 729/402/617 730/402/619
f 672/402/583 671/402/582 719/402/620 720/402/621
f 679/402/586 678/402/577 726/402/611 727/402/622
f 676/402/561 675/402/579 723/402/618 724/402/562
f 671/402/582 682/402/580 730/402/619 719/402/620
f 673/402/570 672/402/583 720/402/621 721/402/614
f 680/402/573 679/402/586 727/402/622 728/402/616
f 732/402/623 731/402/624 742/402/625 741/402/626 740/402/627 739/402/628 738/402/613 737/402/612 736/402/629 735/402/630 734/402/631 733/402/632
f 723/402/618 722/402/615 734/402/631 735/402/630
f 730/402/619 729/402/617 741/402/626 742/402/625
f 720/402/621 719/402/620 731/402/624 732/402/623
f 727/402/622 726/402/611 738/402/613 739/402/628
f 724/402/562 723/402/618 735/402/630 736/402/629
f 719/402/620 730/402/619 742/402/625 731/402/624
f 721/402/614 720/402/621 732/402/623 733/402/632
f 728/402/616 727/402/622 739/402/628 740/402/627
f 725/402/563 724/402/562 736/402/629 737/402/612
f 722/402/615 721/402/614 733/402/632 734/402/631
f 729/402/617 728/402/616 740/402/627 741/402/626
s 0
f 697/402/633 696/402/633 695/402/633 706/402/633 705/402/633 704/402/633 703/402/633 702/402/633 701/402/633 700/402/633 699/402/633 698/402/633
s 1
f 749/402/634 797/402/635 796/402/636 748/402/637
f 758/402/638 770/402/639 771/402/640 759/402/641
f 748/402/637 760/402/642 761/402/643 749/402/634
f 745/402/644 757/402/645 758/402/638 746/402/646
f 752/402/647 764/402/648 765/402/649 753/402/650
f 749/402/634 761/402/643 762/402/651 750/402/652
f 746/402/646 758/402/638 759/402/641 747/402/653
f 753/402/650 765/402/649 766/402/654 754/402/655
f 743/402/656 755/402/657 756/402/658 744/402/659
f 750/402/652 762/402/651 763/402/660 751/402/661
f 747/402/653 759/402/641 760/402/642 748/402/637
f 754/402/655 766/402/654 755/402/657 743/402/656
f 744/402/659 756/402/658 757/402/645 745/402/644
f 751/402/661 763/402/660 764/402/648 752/402/647
f 770/402/662 782/402/662 783/402/663 771/402/663
f 765/402/649 777/402/664 778/402/665 766/402/654
f 755/402/657 767/402/666 768/402/667 756/402/658
f 762/402/651 774/402/668 775/402/669 763/402/660
f 759/402/641 771/402/640 772/402/670 760/402/642
f 766/402/654 778/402/665 767/402/666 755/402/657
f 756/402/658 768/402/667 769/402/671 757/402/645
f 763/402/660 775/402/669 776/402/672 764/402/648
f 760/402/642 772/402/670 773/402/673 761/402/643
f 757/402/645 769/402/671 770/402/639 758/402/638
f 764/402/648 776/402/672 777/402/664 765/402/649
f 761/402/643 773/402/673 774/402/668 762/402/651
f 777/402/674 789/402/674 790/402/675 778/402/676
f 767/402/677 779/402/677 780/402/678 768/402/678
f 774/402/679 786/402/679 787/402/680 775/402/680
f 771/402/663 783/402/663 784/402/681 772/402/681
f 778/402/676 790/402/675 779/402/677 767/402/677
f 768/402/678 780/402/678 781/402/682 769/402/682
f 775/402/680 787/402/680 788/402/683 776/402/683
f 772/402/681 784/402/681 785/402/684 773/402/684
f 769/402/682 781/402/682 782/402/662 770/402/662
f 776/402/683 788/402/683 789/402/674 777/402/674
f 773/402/684 785/402/684 786/402/679 774/402/679
f 798/402/685 810/402/686 809/402/687 797/402/635
f 746/402/646 794/402/688 793/402/689 745/402/644
f 753/402/650 801/402/690 800/402/691 752/402/647
f 750/402/652 798/402/685 797/402/635 749/402/634
f 747/402/653 795/402/692 794/402/688 746/402/646
f 754/402/655 802/402/693 801/402/690 753/402/650
f 744/402/659 792/402/694 791/402/695 743/402/656
f 751/402/661 799/402/696 798/402/685 750/402/652
f 748/402/637 796/402/636 795/402/692 747/402/653
f 743/402/656 791/402/695 802/402/693 754/402/655
f 745/402/644 793/402/689 792/402/694 744/402/659
f 752/402/647 800/402/691 799/402/696 751/402/661
f 804/402/697 805/402/698 806/402/699 807/402/700 808/402/701 809/402/687 810/402/686 811/402/702 812/402/703 813/402/704 814/402/705 803/402/706
f 795/402/692 807/402/700 806/402/699 794/402/688
f 802/402/693 814/402/705 813/402/704 801/402/690
f 792/402/694 804/402/697 803/402/706 791/402/695
f 799/402/696 811/402/702 810/402/686 798/402/685
f 796/402/636 808/402/701 807/402/700 795/402/692
f 791/402/695 803/402/706 814/402/705 802/402/693
f 793/402/689 805/402/698 804/402/697 792/402/694
f 800/402/691 812/402/703 811/402/702 799/402/696
f 797/402/635 809/402/687 808/402/701 796/402/636
f 794/402/688 806/402/699 805/402/698 793/402/689
f 801/402/690 813/402/704 812/402/703 800/402/691
s 0
f 769/402/707 770/402/707 771/402/707 772/402/707 773/402/707 774/402/707 775/402/707 776/402/707 777/402/707 778/402/707 767/402/707 768/402/707
o Arms
v -11.075098 10.962479 -16.457298
v -10.754862 11.046651 -16.350311
v -10.556562 11.098601 -16.069136
v -10.555943 11.098487 -15.721169
v -10.753237 11.046352 -15.439324
v -11.073093 10.962111 -15.331254
v -11.393332 10.877940 -15.438238
v -11.591629 10.825990 -15.719415
v -11.592249 10.826103 -16.067383
v -11.394955 10.878238 -16.349228
v -10.452978 8.597971 -16.459179
v -10.132742 8.682142 -16.352192
v -9.934446 8.734093 -16.071014
v -9.933825 8.733979 -15.723050
v -10.131123 8.681845 -15.441203
v -10.450974 8.597604 -15.333134
v -10.771210 8.513433 -15.440118
v -10.969511 8.461482 -15.721293
v -10.970129 8.461596 -16.069260
v -10.772835 8.513729 -16.351107
v -9.972172 6.683488 -16.610867
v -9.818901 6.695260 -16.436813
v -9.823189 6.674914 -16.138514
v -9.943886 6.635209 -15.814572
v -10.134888 6.591310 -15.588726
v -10.356312 6.443578 -15.611459
v -10.516024 6.543227 -15.736626
v -10.511740 6.563571 -16.034927
v -10.391043 6.603275 -16.358868
v -10.200039 6.647177 -16.584713
v -9.983559 8.920765 -16.070869
v -10.181856 8.868814 -16.352045
v -10.821945 8.700401 -16.350960
v -11.019243 8.648267 -16.069113
v -10.820324 8.700104 -15.439971
v -10.500092 8.784275 -15.332986
v -9.982939 8.920651 -15.722901
v -10.502094 8.784643 -16.459032
v -11.018625 8.648153 -15.721147
v -10.180235 8.868517 -15.441055
v -9.901340 8.505726 -16.084835
v -10.096815 8.499247 -16.364803
v -10.754625 8.397215 -16.382084
v -10.959364 8.341413 -16.106979
v -10.761200 8.313466 -15.476083
v -10.434917 8.354106 -15.362197
v -9.903498 8.472929 -15.738423
v -10.425188 8.454608 -16.480499
v -10.961521 8.308618 -15.760566
v -10.107306 8.415016 -15.462398
v -10.475809 6.580343 -16.206373
v -9.859116 6.658142 -15.967066
v -10.526089 6.551859 -15.890515
v -10.027174 6.614800 -15.696911
v -9.837337 7.420185 -16.182686
v -10.520281 7.339706 -16.470015
v -10.525782 7.256066 -15.586566
v -9.839848 7.388152 -15.844662
v -10.258120 7.390191 -16.568819
v -10.685703 7.256812 -15.862948
v -10.005070 7.337053 -15.574949
v -9.997259 7.420931 -16.459068
v -10.683601 7.288760 -16.200397
v -10.264919 7.286807 -15.476816
v -9.808496 7.357903 -16.043812
v -10.346294 7.309277 -16.543617
v -10.652960 7.208394 -15.720557
v -9.925629 7.319370 -15.729428
v -10.068483 7.351666 -16.547007
v -10.707001 7.220529 -16.030277
v -10.169724 7.269358 -15.533037
v -9.868534 7.370238 -16.360508
v -10.590389 7.259264 -16.347225
v -10.447536 7.226969 -15.529648
v -10.000013 7.455454 -16.455173
v -10.690262 7.322714 -16.196976
v -10.269157 7.321234 -15.474381
v -9.839167 7.454889 -16.179165
v -10.526018 7.373765 -16.466183
v -10.531513 7.290247 -15.584011
v -9.841263 7.422987 -15.842207
v -10.262367 7.424468 -16.564804
v -10.692360 7.290812 -15.860019
v -10.005507 7.371936 -15.573003
v -9.808834 6.686627 -16.282925
v -10.307751 6.623687 -16.476530
v -10.227810 6.599390 -15.924750
v -10.107113 6.639095 -16.248692
v -10.042442 6.330833 -15.709546
v -10.032648 6.340042 -15.826510
v -10.295431 6.288465 -15.649417
v -10.129313 6.311901 -15.622494
v -10.437107 6.273071 -15.741933
v -10.445353 6.280003 -15.865895
v -10.191000 6.322819 -15.929695
v -10.376526 6.296659 -15.959949
v -9.997126 6.032262 -15.729258
v -9.987335 6.041470 -15.846219
v -10.250114 5.989895 -15.669127
v -10.083994 6.013330 -15.642203
v -10.391790 5.974500 -15.761644
v -10.400036 5.981432 -15.885608
v -10.145685 6.024249 -15.949407
v -10.331209 5.998088 -15.979661
v -9.954601 5.752055 -15.747757
v -9.944805 5.761263 -15.864718
v -10.207586 5.709689 -15.687627
v -10.041470 5.733123 -15.660702
v -10.349264 5.694293 -15.780142
v -10.357510 5.701225 -15.904104
v -10.103159 5.744042 -15.967903
v -10.288683 5.717881 -15.998159
v -10.043694 5.688950 -15.794523
v -10.038702 5.693645 -15.854146
v -10.172657 5.667353 -15.763871
v -10.087976 5.679299 -15.750147
v -10.244879 5.659505 -15.811032
v -10.249084 5.663039 -15.874226
v -10.119423 5.684865 -15.906746
v -10.213997 5.671530 -15.922170
v -9.892183 6.381810 -16.150970
v -9.981123 6.352551 -15.912266
v -10.358994 6.304881 -16.058899
v -10.270056 6.334138 -16.297604
v -10.352011 6.314781 -16.192799
v -9.899162 6.371910 -16.017071
v -10.181931 6.324810 -15.953714
v -10.069248 6.361880 -16.256153
v -9.846779 6.082651 -16.170719
v -9.935713 6.053394 -15.932016
v -10.313591 6.005723 -16.078650
v -10.224651 6.034980 -16.317352
v -10.306606 6.015622 -16.212547
v -9.853760 6.072752 -16.036819
v -10.136524 6.025652 -15.973465
v -10.023840 6.062722 -16.275906
v -9.804234 5.802338 -16.189224
v -9.893169 5.773080 -15.950522
v -10.271044 5.725409 -16.097157
v -10.182106 5.754667 -16.335859
v -10.264061 5.735309 -16.231054
v -9.811213 5.792438 -16.055326
v -10.093981 5.745338 -15.991970
v -9.981295 5.782408 -16.294411
v -9.912094 5.726614 -16.169991
v -9.956665 5.711952 -16.050373
v -10.146019 5.688065 -16.123856
v -10.101450 5.702726 -16.243471
v -10.142519 5.693026 -16.190952
v -9.915594 5.721653 -16.102894
v -10.057291 5.698051 -16.071144
v -10.000822 5.716628 -16.222702
v -9.954384 6.399475 -16.563448
v -9.821096 6.412176 -16.449417
v -9.885904 6.388857 -16.245207
v -10.182093 6.351828 -16.365231
v -10.109045 6.376185 -16.566244
v -9.814934 6.405046 -16.327259
v -10.203079 6.356247 -16.480423
v -10.054296 6.366606 -16.295286
v -9.908867 6.099575 -16.583248
v -9.775578 6.112276 -16.469217
v -9.840387 6.088958 -16.265007
v -10.136576 6.051928 -16.385029
v -10.063528 6.076286 -16.586044
v -9.769423 6.105146 -16.347059
v -10.157560 6.056348 -16.500221
v -10.008780 6.066707 -16.315086
v -9.866453 5.820123 -16.601696
v -9.733166 5.832824 -16.487667
v -9.797976 5.809506 -16.283455
v -10.094160 5.772476 -16.403481
v -10.021112 5.796834 -16.604494
v -9.727003 5.825695 -16.365509
v -10.115150 5.776896 -16.518673
v -9.966364 5.787255 -16.333536
v -9.877251 5.761650 -16.546947
v -9.795010 5.769486 -16.476589
v -9.834995 5.755099 -16.350586
v -10.017752 5.732251 -16.424644
v -9.972681 5.747280 -16.548674
v -9.791208 5.765087 -16.401215
v -10.030701 5.734978 -16.495720
v -9.938900 5.741369 -16.381489
v -10.584490 6.875811 -15.728591
v -10.152306 6.930334 -15.560881
v -10.405144 6.890984 -15.546109
v -10.300882 6.548225 -15.383744
v -10.410433 6.484230 -15.427989
v -10.530397 6.519271 -15.472807
v -10.573462 6.718978 -15.463047
v -10.313208 6.751811 -15.362057
v -10.451078 6.783879 -15.405955
v -10.271467 6.654507 -15.359095
v -10.587507 6.614636 -15.481731
v -10.385080 6.454367 -15.136253
v -10.491856 6.391266 -15.187946
v -10.614595 6.425414 -15.225315
v -10.668570 6.618598 -15.185323
v -10.408316 6.651430 -15.084332
v -10.548742 6.681450 -15.120977
v -10.361122 6.557387 -15.096487
v -10.677158 6.517518 -15.219126
v -10.470995 6.494345 -15.111612
v -10.520061 6.465346 -15.135366
v -10.576468 6.481040 -15.152540
v -10.601271 6.569818 -15.134162
v -10.481672 6.584906 -15.087751
v -10.546202 6.598701 -15.104591
v -10.459984 6.541687 -15.093336
v -10.605221 6.523365 -15.149695
v -9.961712 8.837729 -16.070934
v -10.800100 8.617365 -16.351025
v -10.798477 8.617067 -15.440037
v -9.961090 8.837615 -15.722968
v -10.480246 8.701606 -16.459095
v -10.996775 8.565117 -15.721212
v -10.158390 8.785480 -15.441121
v -10.160009 8.785778 -16.352110
v -10.997395 8.565231 -16.069180
v -10.478243 8.701239 -15.333050
v -10.110691 8.587045 -16.355894
v -10.959248 8.398369 -16.084230
v -10.437122 8.471998 -15.343451
v -9.912079 8.616028 -16.073723
v -10.758049 8.451572 -16.362514
v -10.760334 8.409594 -15.453842
v -9.912811 8.599834 -15.726507
v -10.434021 8.523105 -16.466347
v -10.959682 8.381153 -15.736710
v -10.113405 8.544524 -15.447601
v -14.872692 10.963706 -16.457218
v -15.178614 11.089944 -16.349701
v -15.367661 11.168027 -16.068195
v -15.367630 11.168131 -15.720228
v -15.178530 11.090217 -15.438708
v -14.872591 10.964044 -15.331171
v -14.566675 10.837807 -15.438688
v -14.377628 10.759723 -15.720192
v -14.377661 10.759619 -16.068159
v -14.566755 10.837534 -16.349678
v -15.805101 8.703497 -16.456459
v -16.111019 8.829735 -16.348940
v -16.300072 8.907818 -16.067436
v -16.300039 8.907923 -15.719469
v -16.110941 8.830008 -15.437947
v -15.805000 8.703835 -15.330411
v -15.499086 8.577598 -15.437926
v -15.310038 8.499515 -15.719433
v -15.310068 8.499410 -16.067402
v -15.499166 8.577324 -16.348919
v -16.246962 6.733191 -16.437851
v -16.410009 6.761587 -16.274956
v -16.423264 6.769245 -15.976322
v -16.321953 6.759738 -15.643565
v -16.161692 6.687664 -15.443622
v -15.947014 6.530118 -15.458212
v -15.774948 6.622580 -15.569396
v -15.742821 6.666372 -15.822549
v -15.844130 6.675878 -16.155304
v -16.021303 6.698919 -16.395086
v -16.226460 9.086256 -16.067497
v -16.037411 9.008173 -16.349003
v -15.425552 8.755762 -16.348982
v -15.236458 8.677848 -16.067463
v -15.425470 8.756036 -15.437988
v -15.731396 8.882273 -15.330470
v -16.226427 9.086361 -15.719529
v -15.731491 8.881935 -16.456516
v -15.236423 8.677952 -15.719493
v -16.037329 9.008446 -15.438009
v -16.342764 8.596287 -16.067320
v -16.152514 8.587190 -16.348846
v -15.489517 8.458988 -16.348854
v -15.284985 8.428953 -16.067347
v -15.486948 8.461162 -15.437860
v -15.813810 8.512913 -15.330326
v -16.342735 8.596425 -15.719348
v -15.821291 8.513815 -16.456375
v -15.284952 8.429091 -15.719378
v -16.140692 8.564579 -15.437843
v -15.768572 6.667109 -15.996624
v -16.397512 6.768506 -15.802244
v -15.736994 6.668194 -15.677081
v -16.245821 6.750225 -15.519825
v -16.408516 7.506461 -16.062378
v -15.724052 7.398071 -16.336624
v -15.723974 7.398423 -15.449206
v -16.408154 7.506565 -15.722938
v -15.985512 7.439390 -16.441360
v -15.562412 7.372753 -15.723436
v -16.244946 7.480959 -15.448628
v -16.246954 7.480791 -16.336609
v -15.562443 7.372619 -16.062401
v -15.985415 7.439825 -15.344454
v -16.437998 7.458134 -15.946784
v -15.872408 7.361593 -16.407433
v -15.615007 7.337437 -15.561965
v -16.339678 7.448908 -15.623848
v -16.149210 7.404171 -16.431068
v -15.542759 7.320397 -15.868014
v -16.107845 7.416891 -15.409651
v -16.360435 7.440588 -16.258432
v -15.640572 7.329576 -16.193235
v -15.831041 7.374313 -15.386017
v -16.244148 7.515524 -16.335979
v -15.555735 7.406733 -16.062168
v -15.981119 7.474320 -15.345263
v -16.406631 7.541339 -16.062147
v -15.718264 7.432332 -16.335995
v -15.718185 7.432683 -15.449864
v -16.406601 7.541473 -15.723675
v -15.981216 7.473886 -16.440578
v -15.555702 7.406867 -15.723696
v -16.244070 7.515874 -15.449850
v -16.429085 6.767424 -16.121792
v -15.920261 6.685392 -16.279047
v -16.032387 6.713056 -15.733056
v -16.133696 6.722562 -16.065815
v -16.232107 6.466285 -15.504992
v -16.234997 6.464528 -15.622677
v -15.983400 6.429101 -15.426421
v -16.150610 6.455368 -15.411599
v -15.836699 6.404760 -15.508617
v -15.821196 6.400038 -15.631989
v -16.071054 6.437328 -15.714326
v -15.884295 6.407987 -15.731066
v -16.278576 6.167293 -15.499387
v -16.281473 6.165536 -15.617068
v -16.029871 6.130111 -15.420815
v -16.197077 6.156377 -15.405996
v -15.883169 6.105770 -15.503013
v -15.867664 6.101047 -15.626382
v -16.117519 6.138338 -15.708725
v -15.930763 6.108996 -15.725457
v -16.322187 5.886692 -15.494124
v -16.325081 5.884934 -15.611810
v -16.073481 5.849509 -15.415556
v -16.240690 5.875776 -15.400735
v -15.926785 5.825167 -15.497748
v -15.911278 5.820445 -15.621119
v -16.161133 5.857735 -15.703458
v -15.974373 5.828395 -15.720197
v -16.231028 5.819264 -15.529490
v -16.232500 5.818368 -15.589481
v -16.104244 5.800310 -15.489435
v -16.189484 5.813700 -15.481881
v -16.029465 5.787902 -15.531335
v -16.021561 5.785495 -15.594222
v -16.148928 5.804502 -15.636198
v -16.053726 5.789547 -15.644728
v -16.355997 6.476089 -15.957306
v -16.281347 6.469083 -15.712102
v -15.895967 6.406955 -15.831208
v -15.970619 6.413960 -16.076406
v -15.895060 6.404294 -15.965623
v -16.356903 6.478750 -15.822887
v -16.078690 6.437083 -15.738918
v -16.173277 6.445960 -16.049591
v -16.402559 6.176511 -15.951687
v -16.327909 6.169505 -15.706487
v -15.942530 6.107375 -15.825591
v -16.017179 6.114380 -16.070789
v -15.941624 6.104714 -15.960006
v -16.403463 6.179172 -15.817271
v -16.125250 6.137505 -15.733303
v -16.219833 6.146381 -16.043976
v -16.446186 5.895801 -15.946425
v -16.371536 5.888796 -15.701225
v -15.986156 5.826666 -15.820326
v -16.060806 5.833672 -16.065529
v -15.985249 5.824005 -15.954744
v -16.447092 5.898461 -15.812007
v -16.168879 5.856795 -15.728040
v -16.263462 5.865672 -16.038713
v -16.340231 5.821941 -15.913911
v -16.302826 5.818431 -15.791036
v -16.109707 5.787297 -15.850719
v -16.147116 5.790808 -15.973592
v -16.109251 5.785964 -15.918077
v -16.340689 5.823276 -15.846550
v -16.201271 5.802396 -15.804472
v -16.248669 5.806844 -15.960155
v -16.269747 6.454909 -16.365265
v -16.409340 6.478562 -16.260944
v -16.356722 6.474301 -16.051994
v -16.054348 6.425460 -16.150440
v -16.115376 6.431076 -16.356789
v -16.422659 6.482913 -16.139225
v -16.026655 6.419025 -16.264111
v -16.185883 6.447040 -16.089806
v -16.316423 6.154588 -16.359634
v -16.456017 6.178241 -16.255310
v -16.403400 6.173978 -16.046364
v -16.101032 6.125138 -16.144806
v -16.162052 6.130754 -16.351158
v -16.469339 6.182592 -16.133593
v -16.073334 6.118703 -16.258480
v -16.232559 6.146719 -16.084175
v -16.359917 5.874742 -16.354389
v -16.499516 5.898394 -16.250065
v -16.446898 5.894133 -16.041119
v -16.144524 5.845292 -16.139565
v -16.205547 5.850908 -16.345913
v -16.512833 5.902746 -16.128349
v -16.116831 5.838857 -16.253231
v -16.276052 5.866872 -16.078930
v -16.352795 5.821624 -16.293884
v -16.438925 5.836217 -16.229515
v -16.406462 5.833588 -16.100590
v -16.219891 5.803452 -16.161333
v -16.257545 5.806917 -16.288654
v -16.447145 5.838902 -16.154413
v -16.202803 5.799481 -16.231468
v -16.301050 5.816768 -16.123919
v -15.695236 6.922852 -15.548791
v -16.134829 6.990621 -15.407700
v -15.899166 6.830049 -15.387300
v -16.063437 6.494676 -15.353342
v -15.961187 6.440505 -15.419145
v -15.831673 6.461334 -15.434565
v -15.757151 6.601592 -15.323253
v -16.019871 6.638951 -15.230736
v -15.873690 6.652502 -15.246262
v -16.077618 6.572286 -15.279672
v -15.758551 6.526437 -15.391745
v -16.073307 6.249673 -15.295943
v -15.974977 6.213499 -15.380075
v -15.842354 6.219583 -15.380803
v -15.756098 6.287606 -15.208276
v -16.017986 6.321727 -15.112048
v -15.869864 6.318841 -15.115911
v -16.081446 6.290365 -15.190842
v -15.763426 6.248930 -15.307693
v -15.989147 6.226579 -15.251558
v -15.943958 6.209955 -15.290221
v -15.883011 6.212751 -15.290560
v -15.843374 6.244012 -15.211271
v -15.963722 6.259693 -15.167051
v -15.895651 6.258365 -15.168825
v -15.992889 6.245279 -15.203259
v -15.846741 6.226237 -15.256959
v -16.259201 9.006883 -16.067469
v -15.458300 8.676388 -16.348953
v -15.458218 8.676661 -15.437960
v -16.259171 9.006987 -15.719503
v -15.764236 8.802561 -16.456490
v -15.269171 8.598578 -15.719465
v -16.070072 8.929071 -15.437980
v -16.070154 8.928799 -16.348974
v -15.269199 8.598475 -16.067436
v -15.764137 8.802899 -15.330444
v -16.139891 8.701645 -16.348894
v -15.308880 8.463895 -16.067375
v -15.821619 8.606854 -15.330371
v -16.333614 8.750520 -16.067379
v -15.506237 8.516550 -16.348888
v -15.505339 8.517723 -15.437898
v -16.333620 8.751105 -15.719413
v -15.823542 8.606712 -16.456417
v -15.309731 8.462721 -15.719409
v -16.138004 8.695743 -15.437900
vn 0.1652 -0.6228 0.7648
vn -0.2701 -0.7372 0.6194
vn -0.5396 -0.8078 0.2372
vn -0.5405 -0.8076 -0.2358
vn -0.2723 -0.7368 -0.6189
vn 0.1624 -0.6223 -0.7658
vn 0.5977 -0.5079 -0.6203
vn 0.8672 -0.4373 -0.2382
vn 0.8681 -0.4374 0.2348
vn 0.5999 -0.5083 0.6179
vn 0.0087 -0.0479 0.9988
vn -0.5716 -0.1576 0.8052
vn -0.9284 -0.2137 0.3038
vn -0.9317 -0.1909 -0.3090
vn -0.5864 -0.0955 -0.8044
vn -0.0224 0.0375 -0.9990
vn 0.5520 0.1553 -0.8193
vn 0.9215 0.2073 -0.3285
vn 0.9410 0.1719 0.2915
vn 0.5909 0.0734 0.8034
vn -0.3556 -0.0212 0.9344
vn -0.9077 -0.0459 0.4170
vn -0.9784 0.1368 -0.1550
vn -0.8557 0.1713 -0.4884
vn -0.5200 0.1803 -0.8349
vn 0.2899 0.5693 -0.7693
vn 0.9013 0.3340 -0.2758
vn 0.9059 0.3770 0.1928
vn 0.7753 0.3579 0.5205
vn 0.3849 0.1186 0.9153
vn -0.9192 -0.2421 0.3106
vn -0.5670 -0.1498 0.8100
vn 0.5699 0.1493 0.8081
vn 0.9203 0.2419 0.3075
vn 0.5670 0.1498 -0.8100
vn -0.0018 0.0003 -1.0000
vn -0.9203 -0.2419 -0.3075
vn 0.0018 -0.0003 1.0000
vn 0.9192 0.2421 -0.3106
vn -0.5699 -0.1493 -0.8081
vn -0.9523 -0.1078 0.2856
vn -0.6032 -0.1507 0.7832
vn 0.5985 -0.0697 0.7981
vn 0.9438 0.0482 0.3270
vn 0.6120 0.1945 -0.7666
vn 0.0085 0.1391 -0.9902
vn -0.9512 -0.0355 -0.3066
vn 0.0056 -0.1418 0.9899
vn 0.9539 0.1599 -0.2539
vn -0.5985 0.0486 -0.7997
vn 0.8637 0.3492 0.3635
vn -0.9334 0.1390 -0.3307
vn 0.9527 0.2992 0.0537
vn -0.7815 0.0958 -0.6165
vn -0.9292 -0.2691 0.2533
vn 0.6220 0.2097 0.7544
vn 0.6278 -0.0038 -0.7784
vn -0.9669 0.0678 -0.2458
vn 0.0433 -0.0347 0.9985
vn 0.9610 -0.0589 -0.2701
vn -0.6544 0.3572 -0.6665
vn -0.5791 -0.3397 0.7411
vn 0.9485 0.1648 0.2707
vn -0.0873 0.3959 -0.9141
vn -0.9918 0.0107 -0.1270
vn 0.3217 0.1094 0.9405
vn 0.9129 -0.0628 -0.4033
vn -0.8026 0.3595 -0.4761
vn -0.3637 -0.2821 0.8878
vn 0.9721 0.1773 0.1537
vn -0.3813 0.4513 -0.8068
vn -0.8645 -0.3149 0.3918
vn 0.7526 0.3063 0.5829
vn 0.4224 0.0437 -0.9054
vn -0.6367 -0.1278 0.7604
vn 0.9361 0.1791 0.3026
vn 0.0009 0.1005 -0.9949
vn -0.9611 -0.0844 0.2629
vn 0.6123 0.0451 0.7893
vn 0.6228 0.1925 -0.7583
vn -0.9582 -0.0267 -0.2849
vn -0.0120 -0.0901 0.9959
vn 0.9396 0.2317 -0.2517
vn -0.6325 0.0253 -0.7741
vn -0.9989 0.0342 -0.0310
vn 0.7331 0.2720 0.6234
vn -0.1445 0.9882 0.0510
vn -0.1314 0.9878 0.0838
vn -0.8703 0.0129 -0.4923
vn -0.8958 -0.0227 0.4439
vn 0.3355 0.1724 -0.9261
vn -0.3253 0.0769 -0.9425
vn 0.8478 0.2348 -0.4756
vn 0.9466 0.2421 0.2127
vn -0.3564 -0.0452 0.9332
vn 0.3496 0.1345 0.9272
vn -0.8970 -0.1078 -0.4286
vn -0.8859 -0.1631 0.4343
vn 0.3469 0.1141 -0.9310
vn -0.3097 0.0158 -0.9507
vn 0.8504 0.1621 -0.5005
vn 0.9495 0.1251 0.2879
vn -0.3469 -0.1141 0.9309
vn 0.3794 -0.0035 0.9252
vn -0.8578 0.3830 -0.3428
vn -0.8633 0.3047 0.4023
vn 0.2429 0.5444 -0.8029
vn -0.3544 0.4676 -0.8098
vn 0.6909 0.5995 -0.4041
vn 0.7582 0.5868 0.2843
vn -0.3776 0.3164 0.8702
vn 0.2833 0.4493 0.8473
vn -0.3864 0.9207 -0.0551
vn -0.4078 0.8777 0.2515
vn -0.0296 0.9705 -0.2393
vn -0.2086 0.9472 -0.2437
vn 0.1063 0.9869 -0.1215
vn 0.1136 0.9838 0.1389
vn -0.2624 0.8829 0.3893
vn -0.0658 0.9209 0.3842
vn -0.8612 -0.0249 0.5077
vn -0.3241 0.1517 -0.9338
vn 0.8200 0.2961 -0.4898
vn 0.2830 0.1194 0.9517
vn 0.8842 0.2914 0.3651
vn -0.9377 0.0616 -0.3418
vn 0.3377 0.1707 -0.9257
vn -0.3549 -0.0571 0.9332
vn -0.8692 -0.1627 0.4669
vn -0.3456 0.0095 -0.9383
vn 0.8692 0.1627 -0.4669
vn 0.3456 -0.0095 0.9383
vn 0.9259 0.1168 0.3593
vn -0.9259 -0.1168 -0.3593
vn -0.8463 0.3121 0.4317
vn -0.3886 0.4627 -0.7968
vn 0.7077 0.6010 -0.3714
vn 0.2500 0.4504 0.8571
vn 0.7309 0.5891 0.3445
vn -0.8789 0.3860 -0.2802
vn 0.2453 0.5375 -0.8068
vn -0.3773 0.3327 0.8643
vn -0.3909 0.8855 0.2514
vn -0.2045 0.9467 -0.2487
vn 0.1068 0.9860 -0.1278
vn -0.0795 0.9247 0.3722
vn 0.0936 0.9834 0.1554
vn -0.3830 0.9233 -0.0295
vn -0.0263 0.9686 -0.2471
vn -0.2562 0.8930 0.3700
vn -0.3555 -0.0148 0.9346
vn -0.9008 -0.0705 0.4284
vn -0.3086 0.1644 -0.9369
vn 0.7640 0.3137 -0.5639
vn 0.3492 0.0974 0.9320
vn -0.9729 -0.0024 -0.2310
vn 0.8569 0.2689 0.4397
vn 0.3491 0.1888 -0.9178
vn -0.3415 -0.1134 0.9330
vn -0.8850 -0.1631 0.4361
vn -0.2827 0.0204 -0.9590
vn 0.7978 0.1595 -0.5814
vn 0.3541 -0.0080 0.9352
vn -0.9350 -0.1199 -0.3339
vn 0.9373 0.1207 0.3270
vn 0.3698 0.1170 -0.9217
vn -0.3712 0.2780 0.8859
vn -0.8742 0.2541 0.4138
vn -0.3371 0.4179 -0.8436
vn 0.6824 0.5413 -0.4912
vn 0.2714 0.4000 0.8754
vn -0.9069 0.3182 -0.2763
vn 0.7844 0.5292 0.3234
vn 0.2921 0.4629 -0.8369
vn -0.2798 0.8531 0.4403
vn -0.4716 0.8437 0.2563
vn -0.1905 0.9163 -0.3523
vn 0.1671 0.9602 -0.2239
vn -0.0239 0.9031 0.4288
vn -0.4703 0.8811 -0.0487
vn 0.1982 0.9636 0.1793
vn 0.0191 0.9441 -0.3290
vn 0.9224 0.1053 -0.3715
vn -0.4313 -0.0313 -0.9017
vn 0.3808 -0.2674 -0.8851
vn -0.7763 0.5744 -0.2598
vn -0.1517 0.9853 0.0787
vn 0.6382 0.7197 0.2734
vn 0.8912 -0.4493 -0.0617
vn -0.5015 -0.6095 -0.6140
vn 0.2720 -0.8666 -0.4184
vn -0.8877 -0.0413 -0.4585
vn 0.9530 0.1585 0.2584
vn -0.5379 0.6755 -0.5043
vn -0.0246 0.9694 -0.2441
vn 0.5856 0.8074 -0.0724
vn 0.8664 -0.3516 -0.3545
vn -0.3192 -0.4894 -0.8115
vn 0.3362 -0.6794 -0.6522
vn -0.6556 0.1169 -0.7460
vn 0.9465 0.2943 -0.1325
vn 0.1118 0.4159 -0.9025
vn 0.2591 0.4940 -0.8299
vn 0.4333 0.4522 -0.7796
vn 0.5122 0.1021 -0.8528
vn 0.1770 0.0650 -0.9821
vn 0.3614 0.0095 -0.9324
vn 0.0838 0.2611 -0.9617
vn 0.5261 0.3077 -0.7928
vn -0.5814 -0.1715 0.7953
vn 0.9554 -0.0042 0.2952
vn -0.0225 0.1178 -0.9928
vn -0.9440 -0.1553 0.2913
vn 0.5963 -0.1143 0.7946
vn 0.5618 0.1705 -0.8095
vn -0.9445 -0.0882 -0.3165
vn 0.0055 -0.1542 0.9880
vn 0.9395 0.1254 -0.3188
vn -0.5938 0.0140 -0.8045
vn -0.2454 -0.5948 0.7655
vn 0.1704 -0.7664 0.6193
vn 0.4273 -0.8726 0.2367
vn 0.4273 -0.8727 -0.2363
vn 0.1703 -0.7668 -0.6189
vn -0.2456 -0.5953 -0.7651
vn -0.6614 -0.4237 -0.6189
vn -0.9183 -0.3176 -0.2363
vn -0.9183 -0.3174 0.2367
vn -0.6613 -0.4233 0.6193
vn 0.0188 -0.0070 0.9998
vn 0.5729 -0.1777 0.8001
vn 0.9096 -0.2845 0.3027
vn 0.9099 -0.2827 -0.3034
vn 0.5746 -0.1748 -0.7995
vn 0.0207 -0.0073 -0.9998
vn -0.5537 0.1360 -0.8215
vn -0.9288 0.1868 -0.3200
vn -0.9286 0.1868 0.3206
vn -0.5534 0.1380 0.8214
vn 0.3004 0.0655 0.9516
vn 0.8816 -0.0088 0.4720
vn 0.9868 0.1194 -0.1097
vn 0.8831 0.1243 -0.4525
vn 0.6251 0.0303 -0.7800
vn -0.2506 0.5808 -0.7745
vn -0.9299 0.2627 -0.2573
vn -0.9120 0.3969 0.1038
vn -0.8013 0.4070 0.4385
vn -0.4366 0.2047 0.8761
vn 0.8792 -0.3626 0.3090
vn 0.5434 -0.2239 0.8090
vn -0.5433 0.2244 0.8090
vn -0.8792 0.3628 0.3090
vn -0.5434 0.2239 -0.8090
vn -0.0001 -0.0003 -1.0000
vn 0.8792 -0.3628 -0.3090
vn 0.0001 0.0003 1.0000
vn -0.8792 0.3626 -0.3090
vn 0.5433 -0.2244 -0.8090
vn 0.9553 -0.0634 0.2888
vn 0.6096 -0.0435 0.7915
vn -0.6371 -0.0422 0.7697
vn -0.9540 -0.1170 0.2759
vn -0.6425 -0.0568 -0.7641
vn -0.0259 -0.0042 -0.9997
vn 0.9532 -0.0561 -0.2972
vn -0.0187 -0.0032 0.9998
vn -0.9543 -0.1222 -0.2726
vn 0.5994 -0.0309 -0.7999
vn -0.8805 0.3839 0.2782
vn 0.9522 0.1051 -0.2869
vn -0.9504 0.3103 -0.0210
vn 0.8170 0.0386 -0.5753
vn 0.9263 -0.2424 0.2884
vn -0.6447 0.2420 0.7251
vn -0.6055 0.0304 -0.7953
vn 0.9703 0.0403 -0.2383
vn -0.0682 0.0047 0.9977
vn -0.9580 -0.0064 -0.2867
vn 0.6681 0.2672 -0.6945
vn 0.5633 -0.2935 0.7724
vn -0.9518 0.1929 0.2384
vn 0.0981 0.2923 -0.9513
vn 0.9969 -0.0145 -0.0773
vn -0.3753 0.1457 0.9154
vn -0.8924 -0.0017 -0.4512
vn 0.8336 0.2816 -0.4751
vn 0.3110 -0.2239 0.9237
vn -0.9755 0.2023 0.0871
vn 0.4209 0.3663 -0.8299
vn 0.8407 -0.2829 0.4617
vn -0.7892 0.3268 0.5199
vn -0.3585 0.0956 -0.9286
vn 0.6339 -0.0537 0.7715
vn -0.9375 0.2083 0.2789
vn 0.0052 0.0058 -1.0000
vn 0.9604 -0.0599 0.2720
vn -0.6170 0.1207 0.7777
vn -0.6179 0.1208 -0.7769
vn 0.9597 -0.0563 -0.2755
vn 0.0044 0.0065 1.0000
vn -0.9376 0.2083 -0.2782
vn 0.6363 -0.0501 -0.7698
vn 0.9993 0.0289 0.0241
vn -0.7659 0.3310 0.5512
vn 0.1491 0.9883 -0.0330
vn 0.1342 0.9910 -0.0011
vn 0.8892 -0.0449 -0.4554
vn 0.8682 0.0168 0.4960
vn -0.3001 -0.0573 -0.9522
vn 0.3057 -0.0997 -0.9469
vn -0.7956 0.0862 -0.5997
vn -0.9592 0.2558 0.1204
vn 0.3011 0.0415 0.9527
vn -0.4019 0.2215 0.8885
vn 0.9196 -0.1497 -0.3633
vn 0.8578 -0.1240 0.4988
vn -0.2911 0.0273 -0.9563
vn 0.3647 -0.0741 -0.9282
vn -0.8185 0.1167 -0.5625
vn -0.9636 0.1539 0.2187
vn 0.2911 -0.0273 0.9563
vn -0.4326 0.0841 0.8976
vn 0.8793 0.3471 -0.3260
vn 0.8408 0.3389 0.4221
vn -0.1914 0.4675 -0.8630
vn 0.4047 0.3889 -0.8276
vn -0.6614 0.5607 -0.4982
vn -0.7687 0.6128 0.1833
vn 0.3288 0.3955 0.8576
vn -0.3285 0.5274 0.7835
vn 0.3962 0.9105 -0.1180
vn 0.3995 0.8964 0.1920
vn 0.0512 0.9438 -0.3267
vn 0.2299 0.9197 -0.3184
vn -0.0912 0.9714 -0.2191
vn -0.1136 0.9927 0.0396
vn 0.2464 0.9148 0.3199
vn 0.0506 0.9526 0.2998
vn 0.8300 0.0205 0.5575
vn 0.3792 0.0628 -0.9232
vn -0.7878 0.2510 -0.5625
vn -0.3370 0.2087 0.9181
vn -0.9016 0.3265 0.2838
vn 0.9565 0.0270 -0.2904
vn -0.2818 0.0842 -0.9558
vn 0.2995 0.0296 0.9536
vn 0.8392 -0.1205 0.5303
vn 0.3997 -0.0792 -0.9132
vn -0.8392 0.1205 -0.5303
vn -0.3997 0.0792 0.9132
vn -0.9443 0.1522 0.2918
vn 0.9443 -0.1522 -0.2918
vn 0.8222 0.3490 0.4496
vn 0.4380 0.3851 -0.8123
vn -0.6801 0.5653 -0.4668
vn -0.2959 0.5293 0.7952
vn -0.7451 0.6205 0.2446
vn 0.8968 0.3559 -0.2629
vn -0.1936 0.4602 -0.8664
vn 0.3290 0.4112 0.8501
vn 0.3826 0.9041 0.1902
vn 0.2262 0.9188 -0.3235
vn -0.0913 0.9700 -0.2253
vn 0.0651 0.9553 0.2883
vn -0.0947 0.9939 0.0572
vn 0.3914 0.9155 -0.0930
vn 0.0484 0.9412 -0.3344
vn 0.2414 0.9231 0.2995
vn 0.3003 0.0718 0.9511
vn 0.8737 -0.0323 0.4853
vn 0.3639 0.0752 -0.9284
vn -0.7273 0.2614 -0.6346
vn -0.4021 0.1851 0.8967
vn 0.9847 -0.0265 -0.1722
vn -0.8789 0.3110 0.3616
vn -0.2936 0.1030 -0.9504
vn 0.2857 -0.0265 0.9579
vn 0.8568 -0.1238 0.5006
vn 0.3382 -0.0702 -0.9384
vn -0.7613 0.1063 -0.6396
vn -0.4080 0.0805 0.9094
vn 0.9518 -0.1529 -0.2657
vn -0.9537 0.1531 0.2587
vn -0.3146 0.0311 -0.9487
vn 0.3212 0.3588 0.8764
vn 0.8506 0.2895 0.4389
vn 0.3890 0.3362 -0.8577
vn -0.6484 0.4947 -0.5787
vn -0.3187 0.4808 0.8168
vn 0.9239 0.2887 -0.2510
vn -0.7977 0.5591 0.2260
vn -0.2391 0.3833 -0.8921
vn 0.2605 0.8899 0.3745
vn 0.4626 0.8628 0.2037
vn 0.2180 0.8788 -0.4244
vn -0.1461 0.9354 -0.3219
vn 0.0061 0.9392 0.3433
vn 0.4794 0.8715 -0.1030
vn -0.2006 0.9767 0.0767
vn 0.0076 0.9092 -0.4162
vn -0.8695 0.1409 -0.4734
vn 0.4442 -0.0364 -0.8952
vn -0.3318 -0.1840 -0.9252
vn 0.8978 0.2136 0.3852
vn 0.3594 0.3238 0.8752
vn -0.3935 0.3758 0.8390
vn -0.8949 -0.1591 -0.4168
vn 0.3759 -0.3306 -0.8657
vn -0.3494 -0.4401 -0.8272
vn 0.8974 -0.0699 -0.4357
vn -0.9600 0.1693 0.2229
vn 0.7852 0.5746 0.2309
vn 0.3167 0.7100 0.6289
vn -0.3162 0.7111 0.6280
vn -0.8079 0.3256 -0.4912
vn 0.3705 0.1748 -0.9122
vn -0.3172 0.1607 -0.9346
vn 0.8305 0.3902 -0.3975
vn -0.7868 0.5917 0.1756
vn 0.2132 0.9427 -0.2567
vn 0.0752 0.9863 -0.1467
vn -0.1108 0.9836 -0.1423
vn -0.2492 0.8544 -0.4559
vn 0.0891 0.8130 -0.5754
vn -0.1095 0.8060 -0.5817
vn 0.2178 0.8838 -0.4141
vn -0.2288 0.9383 -0.2594
vn 0.5965 -0.0855 0.7981
vn -0.9181 -0.2578 0.3011
vn 0.0227 -0.0115 -0.9997
vn 0.9452 -0.1348 0.2974
vn -0.5742 -0.0605 0.8165
vn -0.5763 -0.0731 -0.8140
vn 0.9451 -0.1253 -0.3018
vn 0.0177 -0.0151 0.9997
vn -0.9161 -0.2682 -0.2980
vn 0.5999 -0.0675 -0.7972
vt 0.000000 0.000000
s 1
usemtl Skin
f 816/403/709 817/403/710 818/403/711 819/403/712 820/403/713 821/403/714 822/403/715 823/403/716 824/403/717 815/403/708
f 886/403/779 836/403/729 899/403/792 837/403/730 879/403/772
f 1033/403/739 826/403/719 827/403/720 1026/403/738
f 1034/403/741 833/403/726 834/403/727 1027/403/740
f 1035/403/743 830/403/723 831/403/724 1028/403/742
f 1026/403/738 827/403/720 828/403/721 1029/403/744
f 1027/403/740 834/403/727 825/403/718 1030/403/745
f 1028/403/742 831/403/724 832/403/725 1031/403/746
f 1029/403/744 828/403/721 829/403/722 1032/403/747
f 1030/403/745 825/403/718 826/403/719 1033/403/739
f 1031/403/746 832/403/725 833/403/726 1034/403/741
f 1032/403/747 829/403/722 830/403/723 1035/403/743
f 887/403/780 843/403/736 900/403/793 844/403/737 880/403/773
f 888/403/781 1001/403/892 840/403/733 841/403/734 999/403/890 881/403/774
f 879/403/772 837/403/730 866/403/759 838/403/731 882/403/775
f 880/403/773 844/403/737 835/403/728 883/403/776
f 881/403/774 999/403/890 841/403/734 867/403/760 842/403/735 884/403/777
f 882/403/775 838/403/731 868/403/761 839/403/732 1000/403/891 885/403/778
f 883/403/776 835/403/728 836/403/729 886/403/779
f 884/403/777 842/403/735 865/403/758 843/403/736 887/403/780
f 885/403/778 1000/403/891 839/403/732 840/403/733 1001/403/892 888/403/781
f 819/403/712 854/403/747 850/403/743 820/403/713
f 822/403/715 853/403/746 848/403/741 823/403/716
f 815/403/708 852/403/745 846/403/739 816/403/709
f 818/403/711 851/403/744 854/403/747 819/403/712
f 821/403/714 849/403/742 853/403/746 822/403/715
f 824/403/717 847/403/740 852/403/745 815/403/708
f 817/403/710 845/403/738 851/403/744 818/403/711
f 820/403/713 850/403/743 849/403/742 821/403/714
f 823/403/716 848/403/741 847/403/740 824/403/717
f 816/403/709 846/403/739 845/403/738 817/403/710
f 1045/403/926 864/403/757 860/403/753 1038/403/919
f 1044/403/925 863/403/756 858/403/751 1037/403/918
f 1043/403/924 862/403/755 856/403/749 1036/403/917
f 1042/403/923 861/403/754 864/403/757 1045/403/926
f 1041/403/922 859/403/752 863/403/756 1044/403/925
f 1040/403/921 857/403/750 862/403/755 1043/403/924
f 1039/403/920 855/403/748 861/403/754 1042/403/923
f 1038/403/919 860/403/753 859/403/752 1041/403/922
f 1037/403/918 858/403/751 857/403/750 1040/403/921
f 1036/403/917 856/403/749 855/403/748 1039/403/920
f 898/403/791 875/403/768 878/403/771 891/403/784
f 897/403/790 874/403/767 877/403/770 890/403/783
f 896/403/789 873/403/766 876/403/769 889/403/782
f 895/403/788 872/403/765 875/403/768 898/403/791
f 894/403/787 871/403/764 874/403/767 897/403/790
f 893/403/786 870/403/763 873/403/766 896/403/789
f 892/403/785 869/403/762 872/403/765 895/403/788
f 891/403/784 878/403/771 871/403/764 894/403/787
f 890/403/783 877/403/770 870/403/763 893/403/786
f 889/403/782 876/403/769 869/403/762 892/403/785
f 875/403/768 885/403/778 888/403/781 878/403/771
f 874/403/767 884/403/777 887/403/780 877/403/770
f 873/403/766 883/403/776 886/403/779 876/403/769
f 872/403/765 882/403/775 885/403/778 875/403/768
f 871/403/764 881/403/774 884/403/777 874/403/767
f 870/403/763 880/403/773 883/403/776 873/403/766
f 869/403/762 879/403/772 882/403/775 872/403/765
f 878/403/771 888/403/781 881/403/774 871/403/764
f 877/403/770 887/403/780 880/403/773 870/403/763
f 876/403/769 886/403/779 879/403/772 869/403/762
f 856/403/749 889/403/782 892/403/785 855/403/748
f 858/403/751 890/403/783 893/403/786 857/403/750
f 860/403/753 891/403/784 894/403/787 859/403/752
f 855/403/748 892/403/785 895/403/788 861/403/754
f 857/403/750 893/403/786 896/403/789 862/403/755
f 859/403/752 894/403/787 897/403/790 863/403/756
f 861/403/754 895/403/788 898/403/791 864/403/757
f 862/403/755 896/403/789 889/403/782 856/403/749
f 863/403/756 897/403/790 890/403/783 858/403/751
f 864/403/757 898/403/791 891/403/784 860/403/753
f 902/403/795 942/403/835 935/403/828 837/403/730
f 901/403/794 909/403/802 904/403/797 838/403/731
f 837/403/730 969/403/860 974/403/865 902/403/795
f 903/403/796 911/403/804 914/403/807 906/403/799
f 840/403/733 905/403/798 907/403/800 841/403/734
f 838/403/731 904/403/797 903/403/796 868/403/761
f 867/403/760 908/403/801 910/403/803 842/403/735
f 841/403/734 907/403/800 908/403/801 867/403/760
f 839/403/732 906/403/799 905/403/798 840/403/733
f 868/403/761 903/403/796 906/403/799 839/403/732
f 842/403/735 910/403/803 909/403/802 901/403/794
f 916/403/809 924/403/817 926/403/819 918/403/811
f 910/403/803 918/403/811 917/403/810 909/403/802
f 905/403/798 913/403/806 915/403/808 907/403/800
f 904/403/797 912/403/805 911/403/804 903/403/796
f 909/403/802 917/403/810 912/403/805 904/403/797
f 908/403/801 916/403/809 918/403/811 910/403/803
f 907/403/800 915/403/808 916/403/809 908/403/801
f 906/403/799 914/403/807 913/403/806 905/403/798
f 920/403/813 928/403/821 927/403/820 919/403/812
f 915/403/808 923/403/816 924/403/817 916/403/809
f 914/403/807 922/403/815 921/403/814 913/403/806
f 911/403/804 919/403/812 922/403/815 914/403/807
f 918/403/811 926/403/819 925/403/818 917/403/810
f 913/403/806 921/403/814 923/403/816 915/403/808
f 912/403/805 920/403/813 919/403/812 911/403/804
f 917/403/810 925/403/818 920/403/813 912/403/805
f 927/403/820 928/403/821 933/403/826 934/403/827 932/403/825 931/403/824 929/403/822 930/403/823
f 925/403/818 933/403/826 928/403/821 920/403/813
f 924/403/817 932/403/825 934/403/827 926/403/819
f 923/403/816 931/403/824 932/403/825 924/403/817
f 922/403/815 930/403/823 929/403/822 921/403/814
f 919/403/812 927/403/820 930/403/823 922/403/815
f 926/403/819 934/403/827 933/403/826 925/403/818
f 921/403/814 929/403/822 931/403/824 923/403/816
f 937/403/830 945/403/838 947/403/840 939/403/832
f 843/403/736 938/403/831 942/403/835 902/403/795
f 865/403/758 939/403/832 938/403/831 843/403/736
f 837/403/730 935/403/828 940/403/833 866/403/759
f 901/403/794 941/403/834 937/403/830 842/403/735
f 838/403/731 936/403/829 941/403/834 901/403/794
f 842/403/735 937/403/830 939/403/832 865/403/758
f 866/403/759 940/403/833 936/403/829 838/403/731
f 950/403/810 958/403/849 951/403/842 943/403/836
f 936/403/829 944/403/837 949/403/806 941/403/834
f 938/403/831 946/403/839 950/403/810 942/403/835
f 939/403/832 947/403/840 946/403/839 938/403/831
f 935/403/828 943/403/836 948/403/841 940/403/833
f 942/403/835 950/403/810 943/403/836 935/403/828
f 941/403/834 949/403/806 945/403/838 937/403/830
f 940/403/833 948/403/841 944/403/837 936/403/829
f 955/403/846 963/403/854 962/403/853 954/403/845
f 949/403/806 957/403/848 953/403/844 945/403/838
f 948/403/841 956/403/847 952/403/843 944/403/837
f 945/403/838 953/403/844 955/403/846 947/403/840
f 944/403/837 952/403/843 957/403/848 949/403/806
f 946/403/839 954/403/845 958/403/849 950/403/810
f 947/403/840 955/403/846 954/403/845 946/403/839
f 943/403/836 951/403/842 956/403/847 948/403/841
f 964/403/855 959/403/850 966/403/857 962/403/853 963/403/854 961/403/852 965/403/856 960/403/851
f 951/403/842 959/403/850 964/403/855 956/403/847
f 958/403/849 966/403/857 959/403/850 951/403/842
f 957/403/848 965/403/856 961/403/852 953/403/844
f 956/403/847 964/403/855 960/403/851 952/403/843
f 953/403/844 961/403/852 963/403/854 955/403/846
f 952/403/843 960/403/851 965/403/856 957/403/848
f 954/403/845 962/403/853 966/403/857 958/403/849
f 974/403/865 982/403/873 978/403/869 970/403/861
f 902/403/795 974/403/865 970/403/861 843/403/736
f 843/403/736 970/403/861 973/403/864 900/403/793
f 900/403/793 973/403/864 971/403/862 844/403/737
f 835/403/728 967/403/858 968/403/859 836/403/729
f 844/403/737 971/403/862 967/403/858 835/403/728
f 899/403/792 972/403/863 969/403/860 837/403/730
f 836/403/729 968/403/859 972/403/863 899/403/792
f 975/403/866 983/403/874 984/403/875 976/403/867
f 971/403/862 979/403/870 975/403/866 967/403/858
f 968/403/859 976/403/867 980/403/871 972/403/863
f 973/403/864 981/403/872 979/403/870 971/403/862
f 972/403/863 980/403/871 977/403/868 969/403/860
f 970/403/861 978/403/869 981/403/872 973/403/864
f 967/403/858 975/403/866 976/403/867 968/403/859
f 969/403/860 977/403/868 982/403/873 974/403/865
f 989/403/880 997/403/888 995/403/886 987/403/878
f 977/403/868 985/403/876 990/403/881 982/403/873
f 982/403/873 990/403/881 986/403/877 978/403/869
f 979/403/870 987/403/878 983/403/874 975/403/866
f 976/403/867 984/403/875 988/403/879 980/403/871
f 981/403/872 989/403/880 987/403/878 979/403/870
f 980/403/871 988/403/879 985/403/876 977/403/868
f 978/403/869 986/403/877 989/403/880 981/403/872
f 994/403/885 998/403/889 993/403/884 996/403/887 992/403/883 991/403/882 995/403/886 997/403/888
f 988/403/879 996/403/887 993/403/884 985/403/876
f 986/403/877 994/403/885 997/403/888 989/403/880
f 983/403/874 991/403/882 992/403/883 984/403/875
f 985/403/876 993/403/884 998/403/889 990/403/881
f 990/403/881 998/403/889 994/403/885 986/403/877
f 987/403/878 995/403/886 991/403/882 983/403/874
f 984/403/875 992/403/883 996/403/887 988/403/879
f 999/403/890 1001/403/892 1007/403/898 1005/403/896
f 999/403/890 1005/403/896 1009/403/900 1004/403/895 841/403/734
f 840/403/733 1003/403/894 1002/403/893 839/403/732
f 1000/403/891 1006/403/897 1007/403/898 1001/403/892
f 1000/403/891 839/403/732 1002/403/893 1008/403/899 1006/403/897
f 841/403/734 1004/403/895 1003/403/894 840/403/733
f 1005/403/896 1007/403/898 1015/403/906 1013/403/904
f 1006/403/897 1008/403/899 1016/403/907 1014/403/905
f 1009/403/900 1017/403/908 1012/403/903 1004/403/895
f 1003/403/894 1011/403/902 1010/403/901 1002/403/893
f 1006/403/897 1014/403/905 1015/403/906 1007/403/898
f 1008/403/899 1002/403/893 1010/403/901 1016/403/907
f 1005/403/896 1013/403/904 1017/403/908 1009/403/900
f 1004/403/895 1012/403/903 1011/403/902 1003/403/894
f 1014/403/905 1016/403/907 1024/403/915 1022/403/913
f 1017/403/908 1025/403/916 1020/403/911 1012/403/903
f 1011/403/902 1019/403/910 1018/403/909 1010/403/901
f 1013/403/904 1021/403/912 1025/403/916 1017/403/908
f 1014/403/905 1022/403/913 1023/403/914 1015/403/906
f 1016/403/907 1010/403/901 1018/403/909 1024/403/915
f 1012/403/903 1020/403/911 1019/403/910 1011/403/902
f 1013/403/904 1015/403/906 1023/403/914 1021/403/912
f 1018/403/909 1019/403/910 1020/403/911 1025/403/916 1021/403/912 1023/403/914 1022/403/913 1024/403/915
f 854/403/747 1032/403/747 1035/403/743 850/403/743
f 853/403/746 1031/403/746 1034/403/741 848/403/741
f 852/403/745 1030/403/745 1033/403/739 846/403/739
f 851/403/744 1029/403/744 1032/403/747 854/403/747
f 849/403/742 1028/403/742 1031/403/746 853/403/746
f 847/403/740 1027/403/740 1030/403/745 852/403/745
f 845/403/738 1026/403/738 1029/403/744 851/403/744
f 850/403/743 1035/403/743 1028/403/742 849/403/742
f 848/403/741 1034/403/741 1027/403/740 847/403/740
f 846/403/739 1033/403/739 1026/403/738 845/403/738
f 826/403/719 1036/403/917 1039/403/920 827/403/720
f 833/403/726 1037/403/918 1040/403/921 834/403/727
f 830/403/723 1038/403/919 1041/403/922 831/403/724
f 827/403/720 1039/403/920 1042/403/923 828/403/721
f 834/403/727 1040/403/921 1043/403/924 825/403/718
f 831/403/724 1041/403/922 1044/403/925 832/403/725
f 828/403/721 1042/403/923 1045/403/926 829/403/722
f 825/403/718 1043/403/924 1036/403/917 826/403/719
f 832/403/725 1044/403/925 1037/403/918 833/403/726
f 829/403/722 1045/403/926 1038/403/919 830/403/723
f 1047/403/928 1046/403/927 1055/403/936 1054/403/935 1053/403/934 1052/403/933 1051/403/932 1050/403/931 1049/403/930 1048/403/929
f 1117/403/998 1110/403/991 1068/403/949 1130/403/1011 1067/403/948
f 1264/403/958 1257/403/957 1058/403/939 1057/403/938
f 1265/403/960 1258/403/959 1065/403/946 1064/403/945
f 1266/403/962 1259/403/961 1062/403/943 1061/403/942
f 1257/403/957 1260/403/963 1059/403/940 1058/403/939
f 1258/403/959 1261/403/964 1056/403/937 1065/403/946
f 1259/403/961 1262/403/965 1063/403/944 1062/403/943
f 1260/403/963 1263/403/966 1060/403/941 1059/403/940
f 1261/403/964 1264/403/958 1057/403/938 1056/403/937
f 1262/403/965 1265/403/960 1064/403/945 1063/403/944
f 1263/403/966 1266/403/962 1061/403/942 1060/403/941
f 1118/403/999 1111/403/992 1075/403/956 1131/403/1012 1074/403/955
f 1119/403/1000 1112/403/993 1230/403/1109 1072/403/953 1071/403/952 1232/403/1111
f 1110/403/991 1113/403/994 1069/403/950 1097/403/978 1068/403/949
f 1111/403/992 1114/403/995 1066/403/947 1075/403/956
f 1112/403/993 1115/403/996 1073/403/954 1098/403/979 1072/403/953 1230/403/1109
f 1113/403/994 1116/403/997 1231/403/1110 1070/403/951 1099/403/980 1069/403/950
f 1114/403/995 1117/403/998 1067/403/948 1066/403/947
f 1115/403/996 1118/403/999 1074/403/955 1096/403/977 1073/403/954
f 1116/403/997 1119/403/1000 1232/403/1111 1071/403/952 1070/403/951 1231/403/1110
f 1050/403/931 1051/403/932 1081/403/962 1085/403/966
f 1053/403/934 1054/403/935 1079/403/960 1084/403/965
f 1046/403/927 1047/403/928 1077/403/958 1083/403/964
f 1049/403/930 1050/403/931 1085/403/966 1082/403/963
f 1052/403/933 1053/403/934 1084/403/965 1080/403/961
f 1055/403/936 1046/403/927 1083/403/964 1078/403/959
f 1048/403/929 1049/403/930 1082/403/963 1076/403/957
f 1051/403/932 1052/403/933 1080/403/961 1081/403/962
f 1054/403/935 1055/403/936 1078/403/959 1079/403/960
f 1047/403/928 1048/403/929 1076/403/957 1077/403/958
f 1276/403/1145 1269/403/1138 1091/403/972 1095/403/976
f 1275/403/1144 1268/403/1137 1089/403/970 1094/403/975
f 1274/403/1143 1267/403/1136 1087/403/968 1093/403/974
f 1273/403/1142 1276/403/1145 1095/403/976 1092/403/973
f 1272/403/1141 1275/403/1144 1094/403/975 1090/403/971
f 1271/403/1140 1274/403/1143 1093/403/974 1088/403/969
f 1270/403/1139 1273/403/1142 1092/403/973 1086/403/967
f 1269/403/1138 1272/403/1141 1090/403/971 1091/403/972
f 1268/403/1137 1271/403/1140 1088/403/969 1089/403/970
f 1267/403/1136 1270/403/1139 1086/403/967 1087/403/968
f 1129/403/1010 1122/403/1003 1109/403/990 1106/403/987
f 1128/403/1009 1121/403/1002 1108/403/989 1105/403/986
f 1127/403/1008 1120/403/1001 1107/403/988 1104/403/985
f 1126/403/1007 1129/403/1010 1106/403/987 1103/403/984
f 1125/403/1006 1128/403/1009 1105/403/986 1102/403/983
f 1124/403/1005 1127/403/1008 1104/403/985 1101/403/982
f 1123/403/1004 1126/403/1007 1103/403/984 1100/403/981
f 1122/403/1003 1125/403/1006 1102/403/983 1109/403/990
f 1121/403/1002 1124/403/1005 1101/403/982 1108/403/989
f 1120/403/1001 1123/403/1004 1100/403/981 1107/403/988
f 1106/403/987 1109/403/990 1119/403/1000 1116/403/997
f 1105/403/986 1108/403/989 1118/403/999 1115/403/996
f 1104/403/985 1107/403/988 1117/403/998 1114/403/995
f 1103/403/984 1106/403/987 1116/403/997 1113/403/994
f 1102/403/983 1105/403/986 1115/403/996 1112/403/993
f 1101/403/982 1104/403/985 1114/403/995 1111/403/992
f 1100/403/981 1103/403/984 1113/403/994 1110/403/991
f 1109/403/990 1102/403/983 1112/403/993 1119/403/1000
f 1108/403/989 1101/403/982 1111/403/992 1118/403/999
f 1107/403/988 1100/403/981 1110/403/991 1117/403/998
f 1087/403/968 1086/403/967 1123/403/1004 1120/403/1001
f 1089/403/970 1088/403/969 1124/403/1005 1121/403/1002
f 1091/403/972 1090/403/971 1125/403/1006 1122/403/1003
f 1086/403/967 1092/403/973 1126/403/1007 1123/403/1004
f 1088/403/969 1093/403/974 1127/403/1008 1124/403/1005
f 1090/403/971 1094/403/975 1128/403/1009 1125/403/1006
f 1092/403/973 1095/403/976 1129/403/1010 1126/403/1007
f 1093/403/974 1087/403/968 1120/403/1001 1127/403/1008
f 1094/403/975 1089/403/970 1121/403/1002 1128/403/1009
f 1095/403/976 1091/403/972 1122/403/1003 1129/403/1010
f 1133/403/1014 1068/403/949 1166/403/1047 1173/403/1054
f 1132/403/1013 1069/403/950 1135/403/1016 1140/403/1021
f 1068/403/949 1133/403/1014 1205/403/1084 1200/403/1079
f 1134/403/1015 1137/403/1018 1145/403/1026 1142/403/1023
f 1071/403/952 1072/403/953 1138/403/1019 1136/403/1017
f 1069/403/950 1099/403/980 1134/403/1015 1135/403/1016
f 1098/403/979 1073/403/954 1141/403/1022 1139/403/1020
f 1072/403/953 1098/403/979 1139/403/1020 1138/403/1019
f 1070/403/951 1071/403/952 1136/403/1017 1137/403/1018
f 1099/403/980 1070/403/951 1137/403/1018 1134/403/1015
f 1073/403/954 1132/403/1013 1140/403/1021 1141/403/1022
f 1147/403/1028 1149/403/1030 1157/403/1038 1155/403/1036
f 1141/403/1022 1140/403/1021 1148/403/1029 1149/403/1030
f 1136/403/1017 1138/403/1019 1146/403/1027 1144/403/1025
f 1135/403/1016 1134/403/1015 1142/403/1023 1143/403/1024
f 1140/403/1021 1135/403/1016 1143/403/1024 1148/403/1029
f 1139/403/1020 1141/403/1022 1149/403/1030 1147/403/1028
f 1138/403/1019 1139/403/1020 1147/403/1028 1146/403/1027
f 1137/403/1018 1136/403/1017 1144/403/1025 1145/403/1026
f 1151/403/1032 1150/403/1031 1158/403/1039 1159/403/1040
f 1146/403/1027 1147/403/1028 1155/403/1036 1154/403/1035
f 1145/403/1026 1144/403/1025 1152/403/1033 1153/403/1034
f 1142/403/1023 1145/403/1026 1153/403/1034 1150/403/1031
f 1149/403/1030 1148/403/1029 1156/403/1037 1157/403/1038
f 1144/403/1025 1146/403/1027 1154/403/1035 1152/403/1033
f 1143/403/1024 1142/403/1023 1150/403/1031 1151/403/1032
f 1148/403/1029 1143/403/1024 1151/403/1032 1156/403/1037
f 1158/403/1039 1161/403/1042 1160/403/1041 1162/403/1043 1163/403/1044 1165/403/1046 1164/403/1045 1159/403/1040
f 1156/403/1037 1151/403/1032 1159/403/1040 1164/403/1045
f 1155/403/1036 1157/403/1038 1165/403/1046 1163/403/1044
f 1154/403/1035 1155/403/1036 1163/403/1044 1162/403/1043
f 1153/403/1034 1152/403/1033 1160/403/1041 1161/403/1042
f 1150/403/1031 1153/403/1034 1161/403/1042 1158/403/1039
f 1157/403/1038 1156/403/1037 1164/403/1045 1165/403/1046
f 1152/403/1033 1154/403/1035 1162/403/1043 1160/403/1041
f 1168/403/1049 1170/403/1051 1178/403/1059 1176/403/1057
f 1074/403/955 1133/403/1014 1173/403/1054 1169/403/1050
f 1096/403/977 1074/403/955 1169/403/1050 1170/403/1051
f 1068/403/949 1097/403/978 1171/403/1052 1166/403/1047
f 1132/403/1013 1073/403/954 1168/403/1049 1172/403/1053
f 1069/403/950 1132/403/1013 1172/403/1053 1167/403/1048
f 1073/403/954 1096/403/977 1170/403/1051 1168/403/1049
f 1097/403/978 1069/403/950 1167/403/1048 1171/403/1052
f 1181/403/1029 1174/403/1055 1182/403/1061 1189/403/1068
f 1167/403/1048 1172/403/1053 1180/403/1025 1175/403/1056
f 1169/403/1050 1173/403/1054 1181/403/1029 1177/403/1058
f 1170/403/1051 1169/403/1050 1177/403/1058 1178/403/1059
f 1166/403/1047 1171/403/1052 1179/403/1060 1174/403/1055
f 1173/403/1054 1166/403/1047 1174/403/1055 1181/403/1029
f 1172/403/1053 1168/403/1049 1176/403/1057 1180/403/1025
f 1171/403/1052 1167/403/1048 1175/403/1056 1179/403/1060
f 1186/403/1065 1185/403/1064 1193/403/1072 1194/403/1073
f 1180/403/1025 1176/403/1057 1184/403/1063 1188/403/1067
f 1179/403/1060 1175/403/1056 1183/403/1062 1187/403/1066
f 1176/403/1057 1178/403/1059 1186/403/1065 1184/403/1063
f 1175/403/1056 1180/403/1025 1188/403/1067 1183/403/1062
f 1177/403/1058 1181/403/1029 1189/403/1068 1185/403/1064
f 1178/403/1059 1177/403/1058 1185/403/1064 1186/403/1065
f 1174/403/1055 1179/403/1060 1187/403/1066 1182/403/1061
f 1195/403/1074 1191/403/1070 1196/403/1075 1192/403/1071 1194/403/1073 1193/403/1072 1197/403/1076 1190/403/1069
f 1182/403/1061 1187/403/1066 1195/403/1074 1190/403/1069
f 1189/403/1068 1182/403/1061 1190/403/1069 1197/403/1076
f 1188/403/1067 1184/403/1063 1192/403/1071 1196/403/1075
f 1187/403/1066 1183/403/1062 1191/403/1070 1195/403/1074
f 1184/403/1063 1186/403/1065 1194/403/1073 1192/403/1071
f 1183/403/1062 1188/403/1067 1196/403/1075 1191/403/1070
f 1185/403/1064 1189/403/1068 1197/403/1076 1193/403/1072
f 1205/403/1084 1201/403/1080 1209/403/1088 1213/403/1092
f 1133/403/1014 1074/403/955 1201/403/1080 1205/403/1084
f 1074/403/955 1131/403/1012 1204/403/1083 1201/403/1080
f 1131/403/1012 1075/403/956 1202/403/1081 1204/403/1083
f 1066/403/947 1067/403/948 1199/403/1078 1198/403/1077
f 1075/403/956 1066/403/947 1198/403/1077 1202/403/1081
f 1130/403/1011 1068/403/949 1200/403/1079 1203/403/1082
f 1067/403/948 1130/403/1011 1203/403/1082 1199/403/1078
f 1206/403/1085 1207/403/1086 1215/403/1094 1214/403/1093
f 1202/403/1081 1198/403/1077 1206/403/1085 1210/403/1089
f 1199/403/1078 1203/403/1082 1211/403/1090 1207/403/1086
f 1204/403/1083 1202/403/1081 1210/403/1089 1212/403/1091
f 1203/403/1082 1200/403/1079 1208/403/1087 1211/403/1090
f 1201/403/1080 1204/403/1083 1212/403/1091 1209/403/1088
f 1198/403/1077 1199/403/1078 1207/403/1086 1206/403/1085
f 1200/403/1079 1205/403/1084 1213/403/1092 1208/403/1087
f 1220/403/1099 1218/403/1097 1226/403/1105 1228/403/1107
f 1208/403/1087 1213/403/1092 1221/403/1100 1216/403/1095
f 1213/403/1092 1209/403/1088 1217/403/1096 1221/403/1100
f 1210/403/1089 1206/403/1085 1214/403/1093 1218/403/1097
f 1207/403/1086 1211/403/1090 1219/403/1098 1215/403/1094
f 1212/403/1091 1210/403/1089 1218/403/1097 1220/403/1099
f 1211/403/1090 1208/403/1087 1216/403/1095 1219/403/1098
f 1209/403/1088 1212/403/1091 1220/403/1099 1217/403/1096
f 1225/403/1104 1228/403/1107 1226/403/1105 1222/403/1101 1223/403/1102 1227/403/1106 1224/403/1103 1229/403/1108
f 1219/403/1098 1216/403/1095 1224/403/1103 1227/403/1106
f 1217/403/1096 1220/403/1099 1228/403/1107 1225/403/1104
f 1214/403/1093 1215/403/1094 1223/403/1102 1222/403/1101
f 1216/403/1095 1221/403/1100 1229/403/1108 1224/403/1103
f 1221/403/1100 1217/403/1096 1225/403/1104 1229/403/1108
f 1218/403/1097 1214/403/1093 1222/403/1101 1226/403/1105
f 1215/403/1094 1219/403/1098 1227/403/1106 1223/403/1102
f 1230/403/1109 1236/403/1115 1238/403/1117 1232/403/1111
f 1230/403/1109 1072/403/953 1235/403/1114 1240/403/1119 1236/403/1115
f 1071/403/952 1070/403/951 1233/403/1112 1234/403/1113
f 1231/403/1110 1232/403/1111 1238/403/1117 1237/403/1116
f 1231/403/1110 1237/403/1116 1239/403/1118 1233/403/1112 1070/403/951
f 1072/403/953 1071/403/952 1234/403/1113 1235/403/1114
f 1236/403/1115 1244/403/1123 1246/403/1125 1238/403/1117
f 1237/403/1116 1245/403/1124 1247/403/1126 1239/403/1118
f 1240/403/1119 1235/403/1114 1243/403/1122 1248/403/1127
f 1234/403/1113 1233/403/1112 1241/403/1120 1242/403/1121
f 1237/403/1116 1238/403/1117 1246/403/1125 1245/403/1124
f 1239/403/1118 1247/403/1126 1241/403/1120 1233/403/1112
f 1236/403/1115 1240/403/1119 1248/403/1127 1244/403/1123
f 1235/403/1114 1234/403/1113 1242/403/1121 1243/403/1122
f 1245/403/1124 1253/403/1132 1255/403/1134 1247/403/1126
f 1248/403/1127 1243/403/1122 1251/403/1130 1256/403/1135
f 1242/403/1121 1241/403/1120 1249/403/1128 1250/403/1129
f 1244/403/1123 1248/403/1127 1256/403/1135 1252/403/1131
f 1245/403/1124 1246/403/1125 1254/403/1133 1253/403/1132
f 1247/403/1126 1255/403/1134 1249/403/1128 1241/403/1120
f 1243/403/1122 1242/403/1121 1250/403/1129 1251/403/1130
f 1244/403/1123 1252/403/1131 1254/403/1133 1246/403/1125
f 1249/403/1128 1255/403/1134 1253/403/1132 1254/403/1133 1252/403/1131 1256/403/1135 1251/403/1130 1250/403/1129
f 1085/403/966 1081/403/962 1266/403/962 1263/403/966
f 1084/403/965 1079/403/960 1265/403/960 1262/403/965
f 1083/403/964 1077/403/958 1264/403/958 1261/403/964
f 1082/403/963 1085/403/966 1263/403/966 1260/403/963
f 1080/403/961 1084/403/965 1262/403/965 1259/403/961
f 1078/403/959 1083/403/964 1261/403/964 1258/403/959
f 1076/403/957 1082/403/963 1260/403/963 1257/403/957
f 1081/403/962 1080/403/961 1259/403/961 1266/403/962
f 1079/403/960 1078/403/959 1258/403/959 1265/403/960
f 1077/403/958 1076/403/957 1257/403/957 1264/403/958
f 1057/403/938 1058/403/939 1270/403/1139 1267/403/1136
f 1064/403/945 1065/403/946 1271/403/1140 1268/403/1137
f 1061/403/942 1062/403/943 1272/403/1141 1269/403/1138
f 1058/403/939 1059/403/940 1273/403/1142 1270/403/1139
f 1065/403/946 1056/403/937 1274/403/1143 1271/403/1140
f 1062/403/943 1063/403/944 1275/403/1144 1272/403/1141
f 1059/403/940 1060/403/941 1276/403/1145 1273/403/1142
f 1056/403/937 1057/403/938 1267/403/1136 1274/403/1143
f 1063/403/944 1064/403/945 1268/403/1137 1275/403/1144
f 1060/403/941 1061/403/942 1269/403/1138 1276/403/1145
o Head
v -12.965471 11.336069 -17.240376
v -13.756718 11.336069 -16.983284
v -14.245733 11.336069 -16.310211
v -14.245733 11.336069 -15.478246
v -13.756714 11.336069 -14.805176
v -12.965475 11.336069 -14.548081
v -12.174227 11.336069 -14.805172
v -11.685207 11.336069 -15.478247
v -11.685207 11.336069 -16.310211
v -12.174227 11.336069 -16.983284
v -12.976896 12.766253 -16.852165
v -13.575813 12.735668 -16.659985
v -13.945959 12.655600 -16.156849
v -13.945959 12.556628 -15.534944
v -13.575813 12.476559 -15.031809
v -12.976896 12.445974 -14.839629
v -12.377985 12.476559 -15.031809
v -12.007839 12.556628 -15.534943
v -12.007839 12.655600 -16.156851
v -12.377985 12.735668 -16.659985
v -11.928696 11.985028 -15.557359
v -11.928696 11.985028 -16.231098
v -13.606234 11.985028 -15.012293
v -12.965471 11.985028 -14.804097
v -13.606234 11.985028 -16.776161
v -14.002245 11.985028 -16.231098
v -12.324707 11.985028 -16.776165
v -12.324707 11.985028 -15.012294
v -14.002245 11.985028 -15.557360
v -12.965475 11.985028 -16.984360
v -12.976902 14.222323 -17.129246
v -13.740728 14.183318 -16.884148
v -14.212795 14.081200 -16.242474
v -14.212795 13.908607 -15.326054
v -13.740728 13.808510 -14.764627
v -12.976896 13.769505 -14.519530
v -12.213070 13.808510 -14.764627
v -11.741001 13.911736 -15.326122
v -11.741001 14.081200 -16.242474
v -12.213070 14.183318 -16.884150
v -12.976896 16.110491 -17.667458
v -13.687138 16.206375 -17.457550
v -14.126089 16.457399 -16.908001
v -14.126095 16.767685 -16.228722
v -13.687138 17.018713 -15.679173
v -12.976896 17.114595 -15.469264
v -12.266655 17.018713 -15.679173
v -11.827703 16.767685 -16.228722
v -11.827703 16.457399 -16.908001
v -12.266655 16.206375 -17.457550
v -12.976902 16.900219 -17.172174
v -13.213718 16.932190 -17.102182
v -13.360085 17.015892 -16.918941
v -13.360085 17.119354 -16.692444
v -13.213724 17.203054 -16.509201
v -12.976902 17.235027 -16.439209
v -12.740074 17.203054 -16.509201
v -12.593712 17.119354 -16.692444
v -12.593712 17.015892 -16.918941
v -12.740074 16.932190 -17.102184
v -13.953939 16.986523 -16.416510
v -13.580742 17.199945 -15.949288
v -12.976896 16.427780 -17.639717
v -13.580742 16.509300 -17.461252
v -11.999863 16.986523 -16.416510
v -11.999863 16.722721 -16.994030
v -12.976896 17.281464 -15.770825
v -13.953939 16.722721 -16.994030
v -12.373055 16.509300 -17.461252
v -12.373060 17.199945 -15.949288
v -14.212795 15.464031 -15.422390
v -13.740728 15.512866 -14.833548
v -12.976902 15.318442 -17.443544
v -13.740728 15.337095 -17.203018
v -11.741001 15.464031 -15.422393
v -11.741001 15.385929 -16.573305
v -12.976896 15.531519 -14.593020
v -14.212795 15.385929 -16.573305
v -12.213070 15.337095 -17.203018
v -12.213070 15.512866 -14.833548
v -12.976896 14.426194 -14.513498
v -12.976896 14.930344 -14.553258
v -13.740723 14.660688 -14.799086
v -12.213070 14.660688 -14.799088
v -12.763643 14.527270 -14.656292
v -12.763643 14.811687 -14.676172
v -13.190153 14.811687 -14.676171
v -13.190153 14.527270 -14.656292
v -12.976896 14.426194 -13.925063
v -12.976896 14.930344 -13.924712
v -12.763643 14.527270 -14.027746
v -12.763643 14.811687 -14.047627
v -13.190153 14.811687 -14.047624
v -13.190147 14.527270 -14.027745
v -12.976896 14.678268 -13.833901
v -13.740728 14.298528 -14.781856
v -12.213070 14.298517 -14.781870
v -12.976896 14.097849 -14.516514
v -13.658268 13.142639 -14.897768
v -12.295530 13.142755 -14.897269
v -12.976896 12.890278 -14.673106
v -13.928041 13.923905 -14.797158
v -12.025749 13.928104 -14.796675
v -12.976896 14.180720 -14.203766
v -12.793068 14.181197 -14.251044
v -13.160728 14.185181 -14.250193
v -13.635340 14.111763 -14.380211
v -12.318459 14.111763 -14.380212
v -13.564259 13.425476 -14.406793
v -12.389534 13.425476 -14.406795
v -12.976896 13.211306 -14.351735
v -13.787971 13.657555 -14.624428
v -12.165827 13.661331 -14.621044
v -12.976896 13.677027 -13.878946
v -12.849766 13.674441 -13.912376
v -13.104033 13.674441 -13.912375
v -13.432261 13.646893 -13.996540
v -12.521532 13.646893 -13.996540
v -13.383106 13.677540 -14.133175
v -12.570690 13.677540 -14.133175
v -12.976896 13.654883 -13.968981
v -12.976896 13.660961 -14.457751
v -14.212795 15.424980 -15.997849
v -14.212795 13.995914 -15.783806
v -11.741001 15.424980 -15.997849
v -11.741001 13.995914 -15.783806
v -11.741001 14.710446 -15.890828
v -14.212795 14.710446 -15.890827
v -14.251520 14.130014 -16.148125
v -11.702272 14.130014 -16.148123
v -11.682640 14.545725 -16.255146
v -14.271152 14.545725 -16.255146
v -11.711819 14.648880 -16.102692
v -11.711819 14.048111 -15.995671
v -11.682646 14.343811 -16.261047
v -14.241974 14.648880 -16.102692
v -14.271156 14.343811 -16.261044
v -14.241974 14.048111 -15.995671
v -12.976902 15.856585 -17.656307
v -13.713121 15.915024 -17.398029
v -11.785667 16.068022 -16.721848
v -14.168131 16.068022 -16.721848
v -12.240677 15.915024 -17.398029
v -14.168589 16.257572 -15.868680
v -11.785215 16.257572 -15.868680
v -13.713398 16.446470 -15.250597
v -12.976896 16.504505 -15.025681
v -12.240398 16.446470 -15.250594
vn -0.9165 -0.2642 0.3003
vn -0.9216 -0.2508 -0.2964
vn -0.9504 0.0516 -0.3066
vn -0.9490 0.0265 0.3143
vn -0.0022 -0.2287 -0.9735
vn 0.5727 -0.2257 -0.7881
vn 0.5906 0.0843 -0.8026
vn 0.0026 0.0811 -0.9967
vn 0.9197 -0.2492 0.3035
vn 0.5638 -0.2655 0.7821
vn 0.5844 0.0254 0.8111
vn 0.9484 0.0428 0.3143
vn -0.5646 -0.2737 0.7787
vn -0.5828 0.0163 0.8124
vn -0.5733 -0.2381 -0.7840
vn -0.5878 0.0709 -0.8059
vn 0.9258 -0.2332 -0.2976
vn 0.9501 0.0707 -0.3039
vn -0.0013 -0.2747 0.9615
vn 0.0014 0.0154 0.9999
vn 0.5468 -0.3670 0.7526
vn -0.0000 -0.3670 0.9302
vn 0.5468 -0.3670 -0.7526
vn 0.8847 -0.3670 -0.2875
vn -0.8847 -0.3670 -0.2875
vn -0.5468 -0.3670 -0.7526
vn -0.5468 -0.3670 0.7526
vn 0.8847 -0.3670 0.2875
vn -0.0000 -0.3670 -0.9302
vn -0.8847 -0.3670 0.2875
vn 0.9456 0.1260 0.3000
vn 0.9955 0.0938 0.0166
vn 0.9386 0.0998 -0.3302
vn -0.5763 0.2004 0.7923
vn -0.0000 0.2323 0.9726
vn -0.5856 0.2336 -0.7762
vn -0.5790 0.0961 -0.8096
vn -0.9387 0.0993 -0.3303
vn 0.5789 0.0960 -0.8097
vn 0.5854 0.2337 -0.7763
vn 0.5763 0.2004 0.7923
vn -0.9954 0.0939 0.0164
vn -0.9456 0.1259 0.2999
vn 0.0001 0.0901 -0.9959
vn 0.0001 0.2350 -0.9720
vn 0.5591 -0.4380 -0.7039
vn 0.9388 -0.2228 -0.2626
vn 0.8989 -0.4214 -0.1199
vn 0.5461 -0.6576 -0.5191
vn 0.5957 0.1760 0.7837
vn -0.0000 0.2263 0.9741
vn -0.0000 0.0210 0.9998
vn 0.5709 -0.0155 0.8208
vn -0.9490 0.0523 0.3109
vn -0.9995 -0.0322 0.0070
vn -0.9303 -0.1195 -0.3467
vn -0.9388 -0.2228 -0.2626
vn -0.8989 -0.4214 -0.1199
vn -0.9078 -0.1659 0.3853
vn -0.9526 0.0258 0.3031
vn -0.0000 -0.5024 -0.8646
vn -0.0000 -0.7425 -0.6698
vn 0.9526 0.0258 0.3031
vn 0.9078 -0.1659 0.3853
vn -0.5957 0.1760 0.7837
vn -0.5710 -0.0155 0.8208
vn -0.5591 -0.4380 -0.7039
vn -0.5461 -0.6576 -0.5191
vn 0.9303 -0.1195 -0.3467
vn 0.9995 -0.0322 0.0070
vn 0.9490 0.0523 0.3109
vn 0.3804 -0.9126 -0.1500
vn 0.6238 -0.7694 0.1377
vn 0.2029 -0.9160 0.3462
vn 0.1252 -0.9603 0.2494
vn 0.3965 -0.4352 0.8084
vn -0.0000 -0.3762 0.9265
vn -0.0000 -0.7994 0.6009
vn 0.1258 -0.8164 0.5636
vn -0.6337 -0.5870 0.5039
vn -0.6238 -0.7694 0.1377
vn -0.2029 -0.9160 0.3462
vn -0.2033 -0.8610 0.4662
vn -0.0000 -0.9662 -0.2578
vn -0.0000 -0.9772 0.2125
vn 0.6337 -0.5870 0.5039
vn 0.2033 -0.8610 0.4662
vn -0.3965 -0.4352 0.8084
vn -0.1258 -0.8164 0.5636
vn -0.3804 -0.9126 -0.1500
vn -0.1252 -0.9603 0.2494
vn -0.5650 -0.0460 -0.8238
vn -0.5573 -0.0376 -0.8295
vn -0.5545 -0.1951 -0.8090
vn -0.5884 0.2175 0.7788
vn -0.0000 0.3050 0.9524
vn 1.0000 -0.0000 -0.0000
vn -0.6138 -0.2097 -0.7611
vn -0.0000 -0.6899 -0.7239
vn -0.0000 -0.2103 -0.9776
vn 0.5884 0.2175 0.7788
vn 0.5545 -0.1951 -0.8090
vn 0.6138 -0.2097 -0.7611
vn 0.5573 -0.0375 -0.8295
vn -1.0000 -0.0000 -0.0000
vn 0.5650 -0.0460 -0.8238
vn -0.0000 -0.0591 -0.9983
vn -0.6336 0.1322 -0.7623
vn -0.0000 1.0000 -0.0000
vn 0.6336 0.1322 -0.7623
vn 0.8186 0.4527 -0.3535
vn -0.0000 0.8018 -0.5976
vn -0.8381 -0.4445 -0.3163
vn -0.0000 -0.7990 -0.6014
vn -0.8186 0.4527 -0.3535
vn 0.8381 -0.4445 -0.3164
vn -0.0000 -0.0218 -0.9998
vn 0.6722 0.5358 -0.5110
vn 0.6237 0.4985 -0.6021
vn -0.0000 0.7202 -0.6937
vn 0.0002 0.7783 -0.6278
vn -0.0056 -0.7696 -0.6385
vn -0.0046 -0.6501 -0.7598
vn 0.2339 -0.6587 -0.7151
vn 0.2700 -0.7640 -0.5860
vn -0.8923 0.0865 -0.4431
vn -0.8836 -0.0478 -0.4658
vn -0.6255 -0.4524 -0.6357
vn -0.6694 -0.5577 -0.4907
vn -0.2717 -0.7615 -0.5885
vn -0.2375 -0.6569 -0.7156
vn 0.6276 -0.4508 -0.6347
vn 0.6717 -0.5556 -0.4900
vn -0.6725 0.5351 -0.5113
vn -0.6236 0.5004 -0.6006
vn 0.8922 0.0870 -0.4431
vn 0.8838 -0.0436 -0.4659
vn 0.4794 -0.3999 -0.7812
vn 0.8277 0.1169 -0.5489
vn 0.2405 -0.5247 -0.8166
vn 0.4284 0.5469 -0.7192
vn -0.0000 0.6406 -0.7679
vn -0.8280 0.1194 -0.5479
vn -0.4759 -0.4040 -0.7813
vn -0.2436 -0.5263 -0.8147
vn -0.0043 -0.5393 -0.8421
vn -0.4292 0.5480 -0.7179
vn -0.0013 1.0000 0.0011
vn 0.0011 -0.9998 0.0219
vn -0.9909 -0.0157 -0.1338
vn 0.9909 -0.0157 -0.1338
vt 0.032834 0.033175
vt 0.689992 0.154046
vt 0.714659 0.169243
vt 0.705304 0.198088
vt 0.689992 0.197925
vt 0.790361 0.133747
vt 0.813708 0.132573
vt 0.811251 0.145500
vt 0.778335 0.148029
vt 0.823183 0.188771
vt 0.810109 0.235596
vt 0.778046 0.258847
vt 0.781499 0.226853
vt 0.778335 0.118916
vt 0.811251 0.120404
vt 0.807820 0.179568
vt 0.778046 0.188771
vt 0.888264 0.084497
vt 0.901695 0.139802
vt 0.876270 0.153549
vt 0.856235 0.117963
vt 0.707969 0.084497
vt 0.738434 0.122374
vt 0.778046 0.084497
vt 0.807820 0.089681
vt 0.908384 0.191760
vt 0.893555 0.193419
vt 0.755231 0.108711
vt 0.773653 0.134500
vt 0.778046 0.177398
vt 0.732084 0.146406
vt 0.852209 0.143445
vt 0.849153 0.166780
vt 0.891608 0.228570
vt 0.864419 0.223242
vt 0.853811 0.201771
vt 0.823183 0.254966
vt 0.791273 0.300643
vt 0.849153 0.104615
vt 0.852209 0.126089
vt 0.853811 0.134472
vt 0.853811 0.171359
vt 0.859585 0.134588
vt 0.738788 0.184309
vt 0.082600 0.494307
vt 0.348017 0.363228
vt 0.292035 0.662109
vt 0.348017 0.960991
vt 0.082600 0.829912
vt 0.050189 0.708958
vt 0.037925 0.662109
vt 0.050189 0.615260
vt 0.904103 0.843644
vt 0.772892 0.976022
vt 0.817402 0.710827
vt 0.772892 0.445631
vt 0.904103 0.578010
vt 0.956999 0.710827
vt 0.379977 0.308040
vt 0.379977 0.087254
vt 0.312569 0.096271
vt 0.261088 0.120537
vt 0.250264 0.181297
vt 0.275298 0.251032
vt 0.317672 0.282673
vt 0.380635 0.308040
vt 0.318329 0.282673
vt 0.275956 0.251032
vt 0.250921 0.181297
vt 0.261745 0.120537
vt 0.313227 0.096271
vt 0.380635 0.087254
s 1
usemtl Head
f 1298/404/1146 1297/404/1147 1294/404/1148 1295/404/1149
f 1300/404/1150 1299/404/1151 1291/404/1152 1292/404/1153
f 1302/404/1154 1301/404/1155 1288/404/1156 1289/404/1157
f 1303/404/1158 1298/404/1146 1295/404/1149 1296/404/1159
f 1304/404/1160 1300/404/1150 1292/404/1153 1293/404/1161
f 1305/404/1162 1302/404/1154 1289/404/1157 1290/404/1163
f 1306/404/1164 1303/404/1158 1296/404/1159 1287/404/1165
f 1297/404/1147 1304/404/1160 1293/404/1161 1294/404/1148
f 1299/404/1151 1305/404/1162 1290/404/1163 1291/404/1152
f 1301/404/1155 1306/404/1164 1287/404/1165 1288/404/1156
f 1278/404/1166 1277/404/1167 1306/404/1164 1301/404/1155
f 1281/404/1168 1280/404/1169 1305/404/1162 1299/404/1151
f 1284/404/1170 1283/404/1171 1304/404/1160 1297/404/1147
f 1277/404/1167 1286/404/1172 1303/404/1158 1306/404/1164
f 1280/404/1169 1279/404/1173 1302/404/1154 1305/404/1162
f 1283/404/1171 1282/404/1174 1300/404/1150 1304/404/1160
f 1286/404/1172 1285/404/1175 1298/404/1146 1303/404/1158
f 1279/404/1173 1278/404/1166 1301/404/1155 1302/404/1154
f 1282/404/1174 1281/404/1168 1299/404/1151 1300/404/1150
f 1285/404/1175 1284/404/1170 1297/404/1147 1298/404/1146
f 1290/404/1163 1289/404/1157 1309/404/1176 1400/404/1177 1310/404/1178
f 1287/404/1165 1296/404/1159 1316/404/1179 1307/404/1180
f 1294/404/1148 1293/404/1161 1376/404/1181 1313/404/1182 1314/404/1183
f 1291/404/1152 1290/404/1163 1310/404/1178 1311/404/1184 1375/404/1185
f 1288/404/1156 1287/404/1165 1307/404/1180 1308/404/1186
f 1295/404/1149 1294/404/1148 1314/404/1183 1402/404/1187 1315/404/1188
f 1292/404/1153 1291/404/1152 1375/404/1185 1311/404/1184 1312/404/1189 1377/404/1190
f 1289/404/1157 1288/404/1156 1308/404/1186 1309/404/1176
f 1296/404/1159 1295/404/1149 1315/404/1188 1316/404/1179
f 1293/404/1161 1292/404/1153 1377/404/1190 1312/404/1189 1313/404/1182 1376/404/1181
f 1422/404/1191 1420/404/1192 1320/404/1193 1321/404/1194
f 1416/404/1195 1415/404/1196 1317/404/1197 1318/404/1198
f 1352/404/1199 1401/404/1200 1351/404/1201 1421/404/1202 1324/404/1203 1325/404/1204 1417/404/1205
f 1423/404/1206 1422/404/1191 1321/404/1194 1322/404/1207
f 1418/404/1208 1416/404/1195 1318/404/1198 1319/404/1209
f 1419/404/1210 1417/404/1205 1325/404/1204 1326/404/1211
f 1424/404/1212 1423/404/1206 1322/404/1207 1323/404/1213
f 1347/404/1214 1399/404/1215 1354/404/1216 1418/404/1208 1319/404/1209 1320/404/1193 1420/404/1192
f 1415/404/1196 1419/404/1210 1326/404/1211 1317/404/1197
f 1421/404/1202 1424/404/1212 1323/404/1213 1324/404/1203
f 1338/404/1217 1337/404/1218 1330/404/1219 1331/404/1220
f 1340/404/1221 1339/404/1222 1327/404/1223 1328/404/1224
f 1342/404/1225 1341/404/1226 1334/404/1227 1335/404/1228
f 1343/404/1229 1338/404/1217 1331/404/1220 1332/404/1230
f 1344/404/1231 1340/404/1221 1328/404/1224 1329/404/1232
f 1345/404/1233 1342/404/1225 1335/404/1228 1336/404/1234
f 1346/404/1235 1343/404/1229 1332/404/1230 1333/404/1236
f 1337/404/1218 1344/404/1231 1329/404/1232 1330/404/1219
f 1339/404/1222 1345/404/1233 1336/404/1234 1327/404/1223
f 1341/404/1226 1346/404/1235 1333/404/1236 1334/404/1227
f 1328/404/1224 1327/404/1223 1336/404/1234 1335/404/1228 1334/404/1227 1333/404/1236 1332/404/1230 1331/404/1220 1330/404/1219 1329/404/1232
f 1324/404/1203 1323/404/1213 1346/404/1235 1341/404/1226
f 1317/404/1197 1326/404/1211 1345/404/1233 1339/404/1222
f 1320/404/1193 1319/404/1209 1344/404/1231 1337/404/1218
f 1323/404/1213 1322/404/1207 1343/404/1229 1346/404/1235
f 1326/404/1211 1325/404/1204 1342/404/1225 1345/404/1233
f 1319/404/1209 1318/404/1198 1340/404/1221 1344/404/1231
f 1322/404/1207 1321/404/1194 1338/404/1217 1343/404/1229
f 1325/404/1204 1324/404/1203 1341/404/1226 1342/404/1225
f 1318/404/1198 1317/404/1197 1339/404/1222 1340/404/1221
f 1321/404/1194 1320/404/1193 1337/404/1218 1338/404/1217
f 1314/404/1183 1313/404/1182 1373/404/1237 1360/404/1238 1356/404/1239 1351/404/1201
f 1307/404/1180 1316/404/1179 1355/404/1240 1349/404/1241
f 1400/404/1177 1309/404/1176 1354/404/1216 1399/404/1215 1404/404/1242
f 1356/404/1239 1360/404/1238 1362/404/1243 1358/404/1244 1353/404/1245
f 1316/404/1179 1315/404/1188 1352/404/1199 1355/404/1240
f 1309/404/1176 1308/404/1186 1350/404/1246 1354/404/1216
f 1348/404/1247 1353/404/1245 1358/404/1244 1363/404/1248 1359/404/1249
f 1402/404/1187 1314/404/1183 1351/404/1201 1401/404/1200 1403/404/1250
f 1308/404/1186 1307/404/1180 1349/404/1241 1350/404/1246
f 1311/404/1184 1310/404/1178 1347/404/1214 1348/404/1247 1359/404/1249 1372/404/1251
f 1313/404/1182 1312/404/1189 1374/404/1252 1357/404/1252 1361/404/1253 1360/404/1238 1373/404/1237
f 1357/404/1254 1364/404/1255 1370/404/1256 1365/404/1257
f 1358/404/1244 1362/404/1243 1368/404/1258 1366/404/1259
f 1361/404/1253 1367/404/1260 1368/404/1258 1362/404/1243
f 1363/404/1248 1369/404/1261 1370/404/1256 1364/404/1255
f 1358/404/1244 1366/404/1259 1369/404/1261 1363/404/1248
f 1357/404/1254 1365/404/1257 1367/404/1260 1361/404/1253
f 1359/404/1249 1363/404/1248 1364/404/1255
f 1311/404/1184 1372/404/1251 1359/404/1249 1364/404/1255 1357/404/1252 1374/404/1252 1312/404/1189
f 1362/404/1243 1360/404/1238 1361/404/1253
f 1368/404/1258 1371/404/1262 1366/404/1259
f 1369/404/1261 1366/404/1259 1371/404/1262
f 1370/404/1256 1369/404/1261 1371/404/1262
f 1370/404/1256 1371/404/1262 1365/404/1257
f 1365/404/1257 1371/404/1262 1367/404/1260
f 1368/404/1258 1367/404/1260 1371/404/1262
f 1375/405/1263 1385/406/1264 1387/407/1265 1377/408/1266
f 1357/409/1267 1380/410/1268 1382/411/1269 1364/412/1270
f 1314/413/1271 1379/414/1272 1384/415/1273 1373/416/1274
f 1357/409/1267 1361/417/1275 1381/418/1276 1380/410/1268
f 1364/412/1270 1382/411/1269 1383/419/1277 1372/420/1278
f 1314/421/1271 1376/422/1279 1386/423/1280 1379/424/1272
f 1310/425/1281 1378/426/1282 1385/406/1264 1375/405/1263
f 1361/417/1275 1373/427/1274 1384/428/1273 1381/418/1276
f 1376/422/1279 1377/429/1266 1387/430/1265 1386/423/1280
f 1310/425/1281 1372/431/1278 1383/432/1277 1378/426/1282
f 1378/426/1282 1383/432/1277 1393/433/1283 1388/434/1284
f 1382/411/1269 1392/435/1285 1393/436/1283 1383/419/1277
f 1385/437/1264 1395/438/1286 1397/439/1287 1387/430/1265
f 1379/414/1272 1389/440/1288 1394/441/1289 1384/415/1273
f 1381/418/1276 1384/428/1273 1394/442/1289 1391/443/1290
f 1380/410/1268 1381/418/1276 1391/443/1290 1390/444/1291
f 1379/424/1272 1386/423/1280 1396/445/1292 1389/446/1288
f 1378/426/1282 1388/434/1284 1395/447/1286 1385/406/1264
f 1380/410/1268 1390/444/1291 1392/435/1285 1382/411/1269
f 1386/423/1280 1387/430/1265 1397/439/1287 1396/445/1292
s 0
f 1394/448/1293 1389/449/1293 1398/450/1293 1388/451/1293 1393/452/1293 1392/453/1293 1390/454/1293 1391/455/1293
f 1395/456/1294 1388/457/1294 1398/458/1294 1389/459/1294 1396/460/1294 1397/461/1294
s 1
f 1310/404/1178 1400/404/1177 1404/404/1242 1399/404/1215 1347/404/1214
f 1315/404/1188 1402/404/1187 1403/404/1250 1401/404/1200 1352/404/1199
f 1402/462/1295 1403/463/1295 1409/464/1295 1407/465/1295 1411/466/1295 1406/467/1295 1410/468/1295
f 1400/469/1296 1414/470/1296 1405/471/1296 1413/472/1296 1408/473/1296 1412/474/1296 1404/475/1296
f 1349/404/1241 1355/404/1240 1419/404/1210 1415/404/1196
f 1355/404/1240 1352/404/1199 1417/404/1205 1419/404/1210
f 1354/404/1216 1350/404/1246 1416/404/1195 1418/404/1208
f 1350/404/1246 1349/404/1241 1415/404/1196 1416/404/1195
f 1351/404/1201 1356/404/1239 1424/404/1212 1421/404/1202
f 1356/404/1239 1353/404/1245 1423/404/1206 1424/404/1212
f 1353/404/1245 1348/404/1247 1422/404/1191 1423/404/1206
f 1348/404/1247 1347/404/1214 1420/404/1192 1422/404/1191
o EyeLeft
v -12.242332 15.453283 -14.287872
v -12.084569 15.600362 -14.487888
v -12.015937 15.654196 -14.768815
v -12.054828 15.600362 -15.055374
v -12.190818 15.453283 -15.270786
v -12.159225 15.252373 -14.283518
v -11.940625 15.252373 -14.480346
v -11.849729 15.252373 -14.760102
v -11.910882 15.252373 -15.047831
v -12.107711 15.252373 -15.266430
v -12.242330 15.051461 -14.287872
v -12.084567 14.904384 -14.487888
v -12.015935 14.850549 -14.768815
v -12.054828 14.904384 -15.055374
v -12.190820 15.051461 -15.270785
v -12.442966 14.968241 -14.298387
v -12.432082 14.760242 -14.506102
v -12.417211 14.684109 -14.789845
v -12.402339 14.760242 -15.073586
v -12.391454 14.968241 -15.281301
v -12.446950 15.252373 -14.222359
v -12.643600 15.051461 -14.308903
v -12.779595 14.904384 -14.524315
v -12.818482 14.850549 -14.810874
v -12.749850 14.904384 -15.091799
v -12.592092 15.051461 -15.291815
v -12.387471 15.252373 -15.357330
v -12.726710 15.252373 -14.313260
v -12.923535 15.252373 -14.531858
v -12.984693 15.252373 -14.819586
v -12.893794 15.252373 -15.099344
v -12.675199 15.252373 -15.296170
v -12.643600 15.453283 -14.308903
v -12.779592 15.600362 -14.524315
v -12.818482 15.654196 -14.810874
v -12.749850 15.600362 -15.091799
v -12.592092 15.453283 -15.291815
v -12.442966 15.536505 -14.298387
v -12.432078 15.744503 -14.506102
v -12.417209 15.820636 -14.789845
v -12.402339 15.744503 -15.073586
v -12.391454 15.536505 -15.281301
vn 0.3411 0.3855 0.8574
vn 0.5968 0.6225 0.5063
vn 0.7061 0.7071 0.0370
vn 0.6465 0.6225 -0.4412
vn 0.4288 0.3855 -0.8170
vn 0.5005 -0.0000 0.8657
vn 0.8543 -0.0000 0.5198
vn 0.9986 -0.0000 0.0523
vn 0.9039 -0.0000 -0.4277
vn 0.5883 -0.0000 -0.8086
vn 0.3411 -0.3855 0.8574
vn 0.5968 -0.6225 0.5063
vn 0.7061 -0.7071 0.0370
vn 0.6464 -0.6225 -0.4412
vn 0.4288 -0.3855 -0.8170
vn -0.0439 -0.5452 0.8372
vn -0.0248 -0.8803 0.4737
vn -0.0000 -1.0000 -0.0000
vn 0.0248 -0.8803 -0.4737
vn 0.0439 -0.5452 -0.8372
vn -0.0523 -0.0000 0.9986
vn -0.4288 -0.3855 0.8170
vn -0.6465 -0.6225 0.4412
vn -0.7061 -0.7071 -0.0370
vn -0.5968 -0.6225 -0.5063
vn -0.3411 -0.3855 -0.8573
vn 0.0523 -0.0000 -0.9986
vn -0.5883 -0.0000 0.8086
vn -0.9039 -0.0000 0.4277
vn -0.9986 -0.0000 -0.0523
vn -0.8543 -0.0000 -0.5198
vn -0.5006 -0.0000 -0.8657
vn -0.4288 0.3855 0.8170
vn -0.6465 0.6225 0.4412
vn -0.7061 0.7071 -0.0370
vn -0.5968 0.6225 -0.5063
vn -0.3411 0.3855 -0.8573
vn -0.0439 0.5452 0.8372
vn -0.0248 0.8803 0.4737
vn -0.0000 1.0000 -0.0000
vn 0.0248 0.8803 -0.4737
vn 0.0439 0.5452 -0.8372
vt 0.157014 0.163302
vt 0.157014 0.179083
vt 0.145178 0.179083
vt 0.145178 0.163302
vt 0.157014 0.194863
vt 0.157014 0.210643
vt 0.145178 0.210643
vt 0.145178 0.194863
vt 0.092269 0.668888
vt 0.500000 0.500000
vt 0.331112 0.907731
vt 0.151096 0.147522
vt 0.157014 0.226423
vt 0.145178 0.226423
vt 0.668888 0.907731
vt 0.139261 0.147522
vt 0.133343 0.163302
vt 0.133343 0.194863
vt 0.133343 0.179083
vt 0.133343 0.226423
vt 0.133343 0.210643
vt 0.127426 0.147522
vt 0.121508 0.163302
vt 0.121508 0.194863
vt 0.121508 0.179083
vt 0.121508 0.226423
vt 0.121508 0.210643
vt 0.907731 0.668888
vt 0.115591 0.147522
vt 0.109673 0.163302
vt 0.109673 0.194863
vt 0.109673 0.179083
vt 0.109673 0.226423
vt 0.109673 0.210643
vt 0.907731 0.331112
vt 0.103755 0.147522
vt 0.097838 0.163302
vt 0.097838 0.194863
vt 0.097838 0.179083
vt 0.097838 0.226423
vt 0.097838 0.210643
vt 0.668888 0.092269
vt 0.086003 0.194863
vt 0.086003 0.179083
vt 0.086003 0.226423
vt 0.086003 0.210643
vt 0.086003 0.163302
vt 0.331112 0.092269
vt 0.091920 0.147522
vt 0.180684 0.210643
vt 0.180684 0.226423
vt 0.168849 0.226423
vt 0.168849 0.210643
vt 0.180684 0.163302
vt 0.180684 0.179083
vt 0.168849 0.179083
vt 0.168849 0.163302
vt 0.180684 0.194863
vt 0.168849 0.194863
vt 0.092269 0.331112
vt 0.174766 0.147522
vt 0.162931 0.147522
s 1
usemtl Eye
f 1466/476/1338 1465/477/1337 1428/478/1300 1429/479/1301
f 1464/480/1336 1463/481/1335 1426/482/1298 1427/483/1299
f 1462/484/1334 1445/485/1317 1425/486/1297
f 1451/487/1323 1466/476/1338 1429/479/1301
f 1465/477/1337 1464/480/1336 1427/483/1299 1428/478/1300
f 1463/481/1335 1462/488/1334 1425/489/1297 1426/482/1298
f 1425/486/1297 1445/485/1317 1430/490/1302
f 1451/491/1323 1429/479/1301 1434/492/1306
f 1428/478/1300 1427/483/1299 1432/493/1304 1433/494/1305
f 1426/482/1298 1425/489/1297 1430/495/1302 1431/496/1303
f 1429/479/1301 1428/478/1300 1433/494/1305 1434/492/1306
f 1427/483/1299 1426/482/1298 1431/496/1303 1432/493/1304
f 1451/497/1323 1434/492/1306 1439/498/1311
f 1433/494/1305 1432/493/1304 1437/499/1309 1438/500/1310
f 1431/496/1303 1430/495/1302 1435/501/1307 1436/502/1308
f 1434/492/1306 1433/494/1305 1438/500/1310 1439/498/1311
f 1432/493/1304 1431/496/1303 1436/502/1308 1437/499/1309
f 1430/490/1302 1445/485/1317 1435/503/1307
f 1451/504/1323 1439/498/1311 1444/505/1316
f 1438/500/1310 1437/499/1309 1442/506/1314 1443/507/1315
f 1436/502/1308 1435/501/1307 1440/508/1312 1441/509/1313
f 1439/498/1311 1438/500/1310 1443/507/1315 1444/505/1316
f 1437/499/1309 1436/502/1308 1441/509/1313 1442/506/1314
f 1435/503/1307 1445/485/1317 1440/510/1312
f 1451/511/1323 1444/505/1316 1450/512/1322
f 1443/507/1315 1442/506/1314 1448/513/1320 1449/514/1321
f 1441/509/1313 1440/508/1312 1446/515/1318 1447/516/1319
f 1444/505/1316 1443/507/1315 1449/514/1321 1450/512/1322
f 1442/506/1314 1441/509/1313 1447/516/1319 1448/513/1320
f 1440/510/1312 1445/485/1317 1446/517/1318
f 1449/514/1321 1448/513/1320 1454/518/1326 1455/519/1327
f 1447/516/1319 1446/515/1318 1452/520/1324 1453/521/1325
f 1450/512/1322 1449/514/1321 1455/519/1327 1456/522/1328
f 1448/513/1320 1447/516/1319 1453/521/1325 1454/518/1326
f 1446/517/1318 1445/485/1317 1452/523/1324
f 1451/524/1323 1450/512/1322 1456/522/1328
f 1453/525/1325 1452/526/1324 1457/527/1329 1458/528/1330
f 1456/529/1328 1455/530/1327 1460/531/1332 1461/532/1333
f 1454/533/1326 1453/525/1325 1458/528/1330 1459/534/1331
f 1452/523/1324 1445/485/1317 1457/535/1329
f 1451/536/1323 1456/529/1328 1461/532/1333
f 1455/530/1327 1454/533/1326 1459/534/1331 1460/531/1332
f 1461/532/1333 1460/531/1332 1465/477/1337 1466/476/1338
f 1459/534/1331 1458/528/1330 1463/481/1335 1464/480/1336
f 1457/535/1329 1445/485/1317 1462/484/1334
f 1451/537/1323 1461/532/1333 1466/476/1338
f 1460/531/1332 1459/534/1331 1464/480/1336 1465/477/1337
f 1458/528/1330 1457/527/1329 1462/488/1334 1463/481/1335
o EyeRight
v -13.428674 15.453275 -14.265135
v -13.238576 15.600352 -14.434716
v -13.122207 15.654187 -14.699454
v -13.110747 15.600352 -14.988415
v -13.207263 15.453275 -15.224167
v -13.347587 15.252363 -14.246414
v -13.098130 15.252363 -14.402292
v -12.960032 15.252363 -14.662014
v -12.970298 15.252363 -14.955990
v -13.126176 15.252363 -15.205446
v -13.428674 15.051453 -14.265135
v -13.238580 14.904374 -14.434717
v -13.122207 14.850540 -14.699454
v -13.110747 14.904374 -14.988415
v -13.207263 15.051453 -15.224167
v -13.624436 14.968231 -14.310329
v -13.577649 14.760233 -14.512998
v -13.513732 14.684100 -14.789845
v -13.449817 14.760233 -15.066693
v -13.403028 14.968232 -15.269362
v -13.641562 15.252363 -14.236145
v -13.820199 15.051453 -14.355523
v -13.916717 14.904374 -14.591279
v -13.905257 14.850540 -14.880236
v -13.788886 14.904374 -15.144976
v -13.598788 15.051453 -15.314557
v -13.385900 15.252363 -15.343544
v -13.901284 15.252363 -14.374245
v -14.057164 15.252363 -14.623702
v -14.067431 15.252363 -14.917677
v -13.929332 15.252363 -15.177398
v -13.679877 15.252363 -15.333279
v -13.820199 15.453275 -14.355525
v -13.916717 15.600352 -14.591279
v -13.905257 15.654187 -14.880236
v -13.788886 15.600352 -15.144976
v -13.598786 15.453275 -15.314556
v -13.624436 15.536494 -14.310324
v -13.577647 15.744493 -14.512997
v -13.513732 15.820627 -14.789845
v -13.449815 15.744493 -15.066694
v -13.403026 15.536496 -15.269361
vn 0.1870 0.3855 0.9036
vn 0.4998 0.6225 0.6023
vn 0.6890 0.7071 0.1591
vn 0.7132 0.6225 -0.3222
vn 0.5642 0.3855 -0.7301
vn 0.3426 -0.0000 0.9395
vn 0.7510 -0.0000 0.6603
vn 0.9744 -0.0000 0.2250
vn 0.9645 -0.0000 -0.2642
vn 0.7198 -0.0000 -0.6942
vn 0.1870 -0.3855 0.9036
vn 0.4998 -0.6225 0.6023
vn 0.6890 -0.7071 0.1591
vn 0.7132 -0.6225 -0.3222
vn 0.5642 -0.3855 -0.7301
vn -0.1886 -0.5452 0.8168
vn -0.1067 -0.8803 0.4622
vn -0.0000 -1.0000 -0.0000
vn 0.1067 -0.8803 -0.4622
vn 0.1886 -0.5452 -0.8168
vn -0.2250 -0.0000 0.9744
vn -0.5642 -0.3855 0.7301
vn -0.7132 -0.6225 0.3222
vn -0.6890 -0.7071 -0.1591
vn -0.4998 -0.6225 -0.6023
vn -0.1870 -0.3855 -0.9036
vn 0.2250 -0.0000 -0.9744
vn -0.7198 -0.0000 0.6942
vn -0.9645 -0.0000 0.2642
vn -0.9744 -0.0000 -0.2249
vn -0.7510 -0.0000 -0.6603
vn -0.3426 -0.0000 -0.9395
vn -0.5642 0.3855 0.7301
vn -0.7132 0.6225 0.3222
vn -0.6890 0.7071 -0.1591
vn -0.4998 0.6225 -0.6023
vn -0.1870 0.3855 -0.9036
vn -0.1886 0.5452 0.8168
vn -0.1067 0.8803 0.4622
vn -0.0000 1.0000 -0.0000
vn 0.1067 0.8803 -0.4622
vn 0.1886 0.5452 -0.8168
vt 0.190811 0.110169
vt 0.190811 0.133209
vt 0.173531 0.133209
vt 0.173531 0.110169
vt 0.190811 0.156250
vt 0.190811 0.179291
vt 0.173531 0.179291
vt 0.173531 0.156250
vt 0.092846 0.668649
vt 0.500000 0.500000
vt 0.331351 0.907154
vt 0.182171 0.087128
vt 0.190811 0.202332
vt 0.173531 0.202332
vt 0.668649 0.907154
vt 0.164890 0.087128
vt 0.156250 0.110169
vt 0.156250 0.156250
vt 0.156250 0.133209
vt 0.156250 0.202332
vt 0.156250 0.179291
vt 0.147610 0.087128
vt 0.138969 0.110169
vt 0.138969 0.156250
vt 0.138969 0.133209
vt 0.138969 0.202332
vt 0.138969 0.179291
vt 0.907154 0.668649
vt 0.130329 0.087128
vt 0.121689 0.110169
vt 0.121689 0.156250
vt 0.121689 0.133209
vt 0.121689 0.202332
vt 0.121689 0.179291
vt 0.907154 0.331351
vt 0.113049 0.087128
vt 0.104408 0.110169
vt 0.104408 0.156250
vt 0.104408 0.133209
vt 0.104408 0.202332
vt 0.104408 0.179291
vt 0.668649 0.092846
vt 0.087128 0.156250
vt 0.087128 0.133209
vt 0.087128 0.202332
vt 0.087128 0.179291
vt 0.087128 0.110169
vt 0.331351 0.092846
vt 0.095768 0.087128
vt 0.225372 0.179291
vt 0.225372 0.202332
vt 0.208092 0.202332
vt 0.208092 0.179291
vt 0.225372 0.110169
vt 0.225372 0.133209
vt 0.208092 0.133209
vt 0.208092 0.110169
vt 0.225372 0.156250
vt 0.208092 0.156250
vt 0.092846 0.331351
vt 0.216732 0.087128
vt 0.199451 0.087128
s 1
usemtl Eye
f 1508/538/1380 1507/539/1379 1470/540/1342 1471/541/1343
f 1506/542/1378 1505/543/1377 1468/544/1340 1469/545/1341
f 1504/546/1376 1487/547/1359 1467/548/1339
f 1493/549/1365 1508/538/1380 1471/541/1343
f 1507/539/1379 1506/542/1378 1469/545/1341 1470/540/1342
f 1505/543/1377 1504/550/1376 1467/551/1339 1468/544/1340
f 1467/548/1339 1487/547/1359 1472/552/1344
f 1493/553/1365 1471/541/1343 1476/554/1348
f 1470/540/1342 1469/545/1341 1474/555/1346 1475/556/1347
f 1468/544/1340 1467/551/1339 1472/557/1344 1473/558/1345
f 1471/541/1343 1470/540/1342 1475/556/1347 1476/554/1348
f 1469/545/1341 1468/544/1340 1473/558/1345 1474/555/1346
f 1493/559/1365 1476/554/1348 1481/560/1353
f 1475/556/1347 1474/555/1346 1479/561/1351 1480/562/1352
f 1473/558/1345 1472/557/1344 1477/563/1349 1478/564/1350
f 1476/554/1348 1475/556/1347 1480/562/1352 1481/560/1353
f 1474/555/1346 1473/558/1345 1478/564/1350 1479/561/1351
f 1472/552/1344 1487/547/1359 1477/565/1349
f 1493/566/1365 1481/560/1353 1486/567/1358
f 1480/562/1352 1479/561/1351 1484/568/1356 1485/569/1357
f 1478/564/1350 1477/563/1349 1482/570/1354 1483/571/1355
f 1481/560/1353 1480/562/1352 1485/569/1357 1486/567/1358
f 1479/561/1351 1478/564/1350 1483/571/1355 1484/568/1356
f 1477/565/1349 1487/547/1359 1482/572/1354
f 1493/573/1365 1486/567/1358 1492/574/1364
f 1485/569/1357 1484/568/1356 1490/575/1362 1491/576/1363
f 1483/571/1355 1482/570/1354 1488/577/1360 1489/578/1361
f 1486/567/1358 1485/569/1357 1491/576/1363 1492/574/1364
f 1484/568/1356 1483/571/1355 1489/578/1361 1490/575/1362
f 1482/572/1354 1487/547/1359 1488/579/1360
f 1491/576/1363 1490/575/1362 1496/580/1368 1497/581/1369
f 1489/578/1361 1488/577/1360 1494/582/1366 1495/583/1367
f 1492/574/1364 1491/576/1363 1497/581/1369 1498/584/1370
f 1490/575/1362 1489/578/1361 1495/583/1367 1496/580/1368
f 1488/579/1360 1487/547/1359 1494/585/1366
f 1493/586/1365 1492/574/1364 1498/584/1370
f 1495/587/1367 1494/588/1366 1499/589/1371 1500/590/1372
f 1498/591/1370 1497/592/1369 1502/593/1374 1503/594/1375
f 1496/595/1368 1495/587/1367 1500/590/1372 1501/596/1373
f 1494/585/1366 1487/547/1359 1499/597/1371
f 1493/598/1365 1498/591/1370 1503/594/1375
f 1497/592/1369 1496/595/1368 1501/596/1373 1502/593/1374
f 1503/594/1375 1502/593/1374 1507/539/1379 1508/538/1380
f 1501/596/1373 1500/590/1372 1505/543/1377 1506/542/1378
f 1499/597/1371 1487/547/1359 1504/546/1376
f 1493/599/1365 1503/594/1375 1508/538/1380
f 1502/593/1374 1501/596/1373 1506/542/1378 1507/539/1379
f 1500/590/1372 1499/589/1371 1504/550/1376 1505/543/1377
o HairBack
v -11.695017 14.689706 -15.557144
v -11.693432 14.541234 -15.538176
v -11.702589 15.063457 -15.829385
v -11.688637 14.900904 -15.810467
v -11.653669 14.722123 -15.966108
v -11.653252 14.579804 -15.923336
v -11.681463 14.978204 -16.287073
v -11.655052 14.835885 -16.244303
v -11.725555 14.687709 -16.478901
v -11.709141 14.538685 -16.461472
v -11.880053 14.990073 -16.815792
v -11.853642 14.847754 -16.773022
v -12.120155 14.664135 -17.032673
v -12.103691 14.518419 -16.996937
v -12.373457 14.966650 -17.327610
v -12.355337 14.819983 -17.296923
v -12.693209 14.613721 -17.260744
v -12.692072 14.466660 -17.226780
v -12.965469 14.910698 -17.387852
v -12.965469 14.776615 -17.369247
v -14.235922 14.689706 -15.557143
v -14.237503 14.541234 -15.538177
v -14.228348 15.063457 -15.829384
v -14.242304 14.900904 -15.810467
v -14.277269 14.722123 -15.966108
v -14.277689 14.579804 -15.923335
v -14.249477 14.978204 -16.287075
v -14.275887 14.835885 -16.244301
v -14.205383 14.687709 -16.478901
v -14.221802 14.538685 -16.461472
v -14.050890 14.990073 -16.815792
v -14.077295 14.847754 -16.773022
v -13.810783 14.664135 -17.032673
v -13.827242 14.518419 -16.996937
v -13.557484 14.966650 -17.327610
v -13.575598 14.819983 -17.296921
v -13.237730 14.613721 -17.260744
v -13.238869 14.466660 -17.226780
vn 0.9955 0.0587 0.0741
vn 0.9878 0.0742 0.1367
vn 0.9937 0.1051 0.0380
vn 0.9421 0.0708 -0.3278
vn 0.9267 0.0595 -0.3712
vn 0.7231 -0.0794 -0.6861
vn 0.7242 -0.0702 -0.6860
vn 0.0256 -0.2133 -0.9767
vn 0.2719 -0.1758 -0.9461
vn -0.9955 0.0588 0.0741
vn -0.9878 0.0742 0.1366
vn -0.9937 0.1051 0.0380
vn -0.9421 0.0707 -0.3278
vn -0.9267 0.0595 -0.3712
vn -0.7232 -0.0794 -0.6861
vn -0.7242 -0.0702 -0.6860
vn -0.0256 -0.2133 -0.9767
vn -0.2719 -0.1758 -0.9461
vt 0.000000 0.000000
vt 1.000000 0.000000
vt 1.000000 1.000000
vt 0.000000 1.000000
s 0
usemtl Hair
f 1509/600/1381 1510/601/1381 1512/602/1381 1511/603/1381
f 1511/603/1382 1512/602/1382 1514/602/1382 1513/603/1382
f 1513/603/1383 1514/602/1383 1516/602/1383 1515/603/1383
f 1515/603/1384 1516/602/1384 1518/602/1384 1517/603/1384
f 1517/603/1385 1518/602/1385 1520/602/1385 1519/603/1385
f 1519/603/1386 1520/602/1386 1522/602/1386 1521/603/1386
f 1521/603/1387 1522/602/1387 1524/602/1387 1523/603/1387
f 1523/603/1388 1524/602/1388 1526/602/1388 1525/603/1388
f 1525/603/1389 1526/602/1389 1528/602/1389 1527/603/1389
f 1529/600/1390 1531/603/1390 1532/602/1390 1530/601/1390
f 1531/603/1391 1533/603/1391 1534/602/1391 1532/602/1391
f 1533/603/1392 1535/603/1392 1536/602/1392 1534/602/1392
f 1535/603/1393 1537/603/1393 1538/602/1393 1536/602/1393
f 1537/603/1394 1539/603/1394 1540/602/1394 1538/602/1394
f 1539/603/1395 1541/603/1395 1542/602/1395 1540/602/1395
f 1541/603/1396 1543/603/1396 1544/602/1396 1542/602/1396
f 1543/603/1397 1545/603/1397 1546/602/1397 1544/602/1397
f 1545/603/1398 1527/603/1398 1528/602/1398 1546/602/1398
o HairTop
v -13.267546 17.575781 -16.574837
v -12.989855 17.575638 -16.575222
v -13.262140 17.594910 -16.498878
v -12.989622 17.594395 -16.498978
v -13.267338 17.661711 -16.457947
v -12.989647 17.661570 -16.458328
v -13.280081 17.737055 -16.476021
v -12.989916 17.737812 -16.477087
v -13.292908 17.776802 -16.542511
v -12.990273 17.778461 -16.544258
v -13.298306 17.757673 -16.618469
v -12.990499 17.759705 -16.620502
v -13.293110 17.690870 -16.659405
v -12.990473 17.692528 -16.661152
v -13.280369 17.615528 -16.641331
v -12.990208 17.616287 -16.642395
v -13.652782 17.293592 -16.457020
v -13.645271 17.315001 -16.381851
v -13.684731 17.362751 -16.333530
v -13.748041 17.408869 -16.340368
v -13.798115 17.426342 -16.398354
v -13.805628 17.404932 -16.473522
v -13.766169 17.357182 -16.521841
v -13.702860 17.311066 -16.515007
v -13.784336 16.890337 -16.266239
v -13.774439 16.915344 -16.192471
v -13.816280 16.959496 -16.142756
v -13.885359 16.996931 -16.146214
v -13.941206 17.005720 -16.200821
v -13.951101 16.980715 -16.274593
v -13.909258 16.936562 -16.324308
v -13.840179 16.899126 -16.320850
v -13.276545 17.213734 -17.237900
v -12.991346 17.213650 -17.238338
v -13.271383 17.232031 -17.165245
v -12.991125 17.231590 -17.165413
v -13.276350 17.295927 -17.126093
v -12.991146 17.295843 -17.126532
v -13.288540 17.367994 -17.143381
v -12.991404 17.368771 -17.144472
v -13.300808 17.406012 -17.206978
v -12.991743 17.407652 -17.208725
v -13.305969 17.387714 -17.279636
v -12.991962 17.389709 -17.281651
v -13.301001 17.323820 -17.318787
v -12.991938 17.325455 -17.320534
v -13.288813 17.251753 -17.301502
v -12.991682 17.252529 -17.302591
v -13.645031 16.943819 -17.125204
v -13.637850 16.964298 -17.053307
v -13.675591 17.009970 -17.007090
v -13.736147 17.054083 -17.013630
v -13.784046 17.070795 -17.069092
v -13.791227 17.050316 -17.140991
v -13.753487 17.004644 -17.187210
v -13.692930 16.960533 -17.180670
v -13.814493 16.585955 -17.005131
v -13.805027 16.609873 -16.934566
v -13.845053 16.652105 -16.887012
v -13.911125 16.687910 -16.890324
v -13.964540 16.696318 -16.942558
v -13.974009 16.672400 -17.013117
v -13.933985 16.630169 -17.060673
v -13.867908 16.594360 -17.057362
v -12.712173 17.577230 -16.576880
v -12.717115 17.596336 -16.500883
v -12.711967 17.663162 -16.459990
v -12.699753 17.738571 -16.478153
v -12.687624 17.778385 -16.544735
v -12.682680 17.759281 -16.620733
v -12.687824 17.692453 -16.661627
v -12.700045 17.617043 -16.643463
v -12.324606 17.297062 -16.461899
v -12.331676 17.318434 -16.386677
v -12.292114 17.366390 -16.338648
v -12.229099 17.412838 -16.345951
v -12.179543 17.430569 -16.404301
v -12.172472 17.409201 -16.479525
v -12.212034 17.361242 -16.527554
v -12.275051 17.314795 -16.520250
v -12.189552 16.894503 -16.272099
v -12.199039 16.919460 -16.198259
v -12.157059 16.963831 -16.148853
v -12.088203 17.001627 -16.152817
v -12.032810 17.010704 -16.207832
v -12.023325 16.985750 -16.281675
v -12.065302 16.941380 -16.331085
v -12.134155 16.903584 -16.327118
v -12.706152 17.215225 -17.239996
v -12.710875 17.233496 -17.167305
v -12.705957 17.297419 -17.128189
v -12.694271 17.369545 -17.145565
v -12.682671 17.407629 -17.209248
v -12.677940 17.389355 -17.281942
v -12.682861 17.325436 -17.321058
v -12.694548 17.253305 -17.303684
v -12.335445 16.947243 -17.130016
v -12.342207 16.967684 -17.058067
v -12.304365 17.013554 -17.012127
v -12.244085 17.057981 -17.019112
v -12.196686 17.074942 -17.074924
v -12.189926 17.054501 -17.146875
v -12.227768 17.008631 -17.192814
v -12.288042 16.964203 -17.185829
v -12.163231 16.590269 -17.011196
v -12.172308 16.614140 -16.940567
v -12.132153 16.656582 -16.893307
v -12.066294 16.692732 -16.897102
v -12.013308 16.701416 -16.949726
v -12.004232 16.677546 -17.020353
v -12.044386 16.635103 -17.067617
v -12.110245 16.598953 -17.063820
vn -0.2809 0.9333 0.2235
vn -0.3781 0.9154 0.1380
vn -0.3280 0.7427 -0.5838
vn -0.3803 0.7456 -0.5471
vn -0.1431 0.0560 -0.9881
vn -0.3808 0.1420 -0.9137
vn 0.1080 -0.6298 -0.7692
vn -0.3782 -0.5498 -0.7448
vn 0.2712 -0.9523 -0.1397
vn -0.3743 -0.9174 -0.1355
vn 0.3060 -0.7718 0.5574
vn -0.3724 -0.7476 0.5499
vn 0.1961 -0.1812 0.9637
vn -0.3733 -0.1437 0.9165
vn -0.0425 0.5184 0.8541
vn -0.3756 0.5479 0.7475
vn -0.6810 0.6553 0.3268
vn -0.8064 0.3981 -0.4374
vn -0.3913 -0.1182 -0.9126
vn 0.2478 -0.5444 -0.8014
vn 0.7139 -0.6548 -0.2481
vn 0.7972 -0.4300 0.4238
vn 0.4698 0.0245 0.8824
vn -0.1277 0.4849 0.8652
vn -0.3743 0.9265 0.0380
vn -0.4616 0.7182 -0.5206
vn -0.1292 0.3982 -0.9081
vn 0.4290 0.1565 -0.8897
vn 0.8649 0.1411 -0.4816
vn 0.9376 0.3440 0.0504
vn 0.6299 0.6493 0.4261
vn 0.0865 0.8966 0.4344
vn 0.2810 -0.9333 -0.2235
vn 0.3781 -0.9154 -0.1381
vn 0.3281 -0.7427 0.5837
vn 0.3803 -0.7457 0.5471
vn 0.1431 -0.0560 0.9881
vn 0.3808 -0.1419 0.9137
vn -0.1080 0.6298 0.7692
vn 0.3782 0.5498 0.7448
vn -0.2711 0.9524 0.1397
vn 0.3743 0.9174 0.1355
vn -0.3058 0.7719 -0.5574
vn 0.3724 0.7476 -0.5499
vn -0.1961 0.1812 -0.9637
vn 0.3733 0.1437 -0.9165
vn 0.0426 -0.5184 -0.8541
vn 0.3756 -0.5479 -0.7475
vn 0.6748 -0.6748 -0.2988
vn 0.7544 -0.4593 0.4690
vn 0.3533 0.0469 0.9343
vn -0.2467 0.5168 0.8198
vn -0.6872 0.6807 0.2538
vn -0.7568 0.4869 -0.4361
vn -0.4223 0.0341 -0.9058
vn 0.1669 -0.4577 -0.8733
vn 0.3342 -0.9411 -0.0522
vn 0.3981 -0.7608 0.5125
vn 0.0642 -0.4469 0.8923
vn -0.4663 -0.1819 0.8657
vn -0.8825 -0.1167 0.4555
vn -0.9521 -0.2888 -0.1008
vn -0.6300 -0.6046 -0.4874
vn -0.0939 -0.8779 -0.4695
vn 0.2777 0.9348 0.2214
vn 0.3198 0.7444 -0.5861
vn 0.1355 0.0567 -0.9892
vn -0.1104 -0.6303 -0.7684
vn -0.2672 -0.9537 -0.1378
vn -0.2978 -0.7734 0.5596
vn -0.1881 -0.1822 0.9651
vn 0.0461 0.5186 0.8538
vn 0.6800 0.6589 0.3218
vn 0.8010 0.4023 -0.4433
vn 0.3852 -0.1162 -0.9155
vn -0.2508 -0.5457 -0.7996
vn -0.7123 -0.6585 -0.2428
vn -0.7918 -0.4341 0.4296
vn -0.4635 0.0221 0.8858
vn 0.1315 0.4856 0.8643
vn 0.3698 0.9285 0.0353
vn 0.4541 0.7206 -0.5240
vn 0.1204 0.3989 -0.9091
vn -0.4363 0.1542 -0.8865
vn -0.8692 0.1365 -0.4753
vn -0.9390 0.3390 0.0573
vn -0.6302 0.6460 0.4307
vn -0.0880 0.8961 0.4350
vn -0.2778 -0.9348 -0.2214
vn -0.3200 -0.7444 0.5861
vn -0.1356 -0.0568 0.9891
vn 0.1104 0.6303 0.7684
vn 0.2671 0.9538 0.1377
vn 0.2977 0.7734 -0.5596
vn 0.1880 0.1822 -0.9651
vn -0.0461 -0.5186 -0.8538
vn -0.6735 -0.6783 -0.2938
vn -0.7485 -0.4632 0.4745
vn -0.3466 0.0451 0.9369
vn 0.2500 0.5181 0.8180
vn 0.6855 0.6843 0.2488
vn 0.7510 0.4908 -0.4416
vn 0.4155 0.0363 -0.9089
vn -0.1709 -0.4586 -0.8720
vn -0.3296 -0.9428 -0.0498
vn -0.3904 -0.7629 0.5154
vn -0.0553 -0.4472 0.8927
vn 0.4736 -0.1794 0.8623
vn 0.8865 -0.1121 0.4490
vn 0.9528 -0.2839 -0.1078
vn 0.6296 -0.6013 -0.4920
vn 0.0951 -0.8774 -0.4702
vt 0.750000 0.490000
vt 0.580294 0.419706
vt 0.510000 0.250000
vt 0.580294 0.080294
vt 0.750000 0.010000
vt 0.919706 0.080294
vt 0.990000 0.250000
vt 0.919706 0.419706
vt 0.125000 0.500000
vt 0.000000 0.500000
vt 0.000000 1.000000
vt 0.125000 1.000000
vt 0.250000 0.500000
vt 0.250000 1.000000
vt 0.625000 1.000000
vt 0.750000 1.000000
vt 0.375000 0.500000
vt 0.375000 1.000000
vt 0.500000 0.500000
vt 0.500000 1.000000
vt 0.625000 0.500000
vt 0.750000 0.500000
vt 0.875000 0.500000
vt 0.875000 1.000000
vt 1.000000 0.500000
vt 1.000000 1.000000
vt 0.419706 0.419706
vt 0.490000 0.250000
vt 0.419706 0.080294
vt 0.250000 0.010000
vt 0.080294 0.080294
vt 0.010000 0.250000
vt 0.080294 0.419706
vt 0.250000 0.490000
s 1
usemtl Hair
f 1562/604/1414 1548/605/1400 1550/606/1402 1552/607/1404 1554/608/1406 1556/609/1408 1558/610/1410 1560/611/1412
f 1548/612/1400 1562/613/1414 1561/614/1413 1547/615/1399
f 1550/616/1402 1548/612/1400 1547/615/1399 1549/617/1401
f 1555/618/1407 1567/618/1419 1568/619/1420 1557/619/1409
f 1552/620/1404 1550/616/1402 1549/617/1401 1551/621/1403
f 1554/622/1406 1552/620/1404 1551/621/1403 1553/623/1405
f 1556/624/1408 1554/622/1406 1553/623/1405 1555/618/1407
f 1558/625/1410 1556/624/1408 1555/618/1407 1557/619/1409
f 1560/626/1412 1558/625/1410 1557/619/1409 1559/627/1411
f 1562/628/1414 1560/626/1412 1559/627/1411 1561/629/1413
f 1564/617/1416 1572/617/1424 1573/621/1425 1565/621/1417
f 1559/627/1411 1569/627/1421 1570/629/1422 1561/629/1413
f 1561/614/1413 1570/614/1422 1563/615/1415 1547/615/1399
f 1551/621/1403 1565/621/1417 1566/623/1418 1553/623/1405
f 1557/619/1409 1568/619/1420 1569/627/1421 1559/627/1411
f 1547/615/1399 1563/615/1415 1564/617/1416 1549/617/1401
f 1553/623/1405 1566/623/1418 1567/618/1419 1555/618/1407
f 1549/617/1401 1564/617/1416 1565/621/1417 1551/621/1403
f 1577/630/1429 1576/631/1428 1575/632/1427 1574/633/1426 1573/634/1425 1572/635/1424 1571/636/1423 1578/637/1430
f 1570/614/1422 1578/614/1430 1571/615/1423 1563/615/1415
f 1569/627/1421 1577/627/1429 1578/629/1430 1570/629/1422
f 1567/618/1419 1575/618/1427 1576/619/1428 1568/619/1420
f 1565/621/1417 1573/621/1425 1574/623/1426 1566/623/1418
f 1563/615/1415 1571/615/1423 1572/617/1424 1564/617/1416
f 1568/619/1420 1576/619/1428 1577/627/1429 1569/627/1421
f 1566/623/1418 1574/623/1426 1575/618/1427 1567/618/1419
f 1594/604/1446 1592/611/1444 1590/610/1442 1588/609/1440 1586/608/1438 1584/607/1436 1582/606/1434 1580/605/1432
f 1580/612/1432 1579/615/1431 1593/614/1445 1594/613/1446
f 1582/616/1434 1581/617/1433 1579/615/1431 1580/612/1432
f 1587/618/1439 1589/619/1441 1600/619/1452 1599/618/1451
f 1584/620/1436 1583/621/1435 1581/617/1433 1582/616/1434
f 1586/622/1438 1585/623/1437 1583/621/1435 1584/620/1436
f 1588/624/1440 1587/618/1439 1585/623/1437 1586/622/1438
f 1590/625/1442 1589/619/1441 1587/618/1439 1588/624/1440
f 1592/626/1444 1591/627/1443 1589/619/1441 1590/625/1442
f 1594/628/1446 1593/629/1445 1591/627/1443 1592/626/1444
f 1596/617/1448 1597/621/1449 1605/621/1457 1604/617/1456
f 1591/627/1443 1593/629/1445 1602/629/1454 1601/627/1453
f 1593/614/1445 1579/615/1431 1595/615/1447 1602/614/1454
f 1583/621/1435 1585/623/1437 1598/623/1450 1597/621/1449
f 1589/619/1441 1591/627/1443 1601/627/1453 1600/619/1452
f 1579/615/1431 1581/617/1433 1596/617/1448 1595/615/1447
f 1585/623/1437 1587/618/1439 1599/618/1451 1598/623/1450
f 1581/617/1433 1583/621/1435 1597/621/1449 1596/617/1448
f 1609/630/1461 1610/637/1462 1603/636/1455 1604/635/1456 1605/634/1457 1606/633/1458 1607/632/1459 1608/631/1460
f 1602/614/1454 1595/615/1447 1603/615/1455 1610/614/1462
f 1601/627/1453 1602/629/1454 1610/629/1462 1609/627/1461
f 1599/618/1451 1600/619/1452 1608/619/1460 1607/618/1459
f 1597/621/1449 1598/623/1450 1606/623/1458 1605/621/1457
f 1595/615/1447 1596/617/1448 1604/617/1456 1603/615/1455
f 1600/619/1452 1601/627/1453 1609/627/1461 1608/619/1460
f 1598/623/1450 1599/618/1451 1607/618/1459 1606/623/1458
f 1548/612/1400 1611/615/1463 1618/614/1470 1562/613/1414
f 1550/616/1402 1612/617/1464 1611/615/1463 1548/612/1400
f 1615/618/1467 1616/619/1468 1624/619/1476 1623/618/1475
f 1552/620/1404 1613/621/1465 1612/617/1464 1550/616/1402
f 1554/622/1406 1614/623/1466 1613/621/1465 1552/620/1404
f 1556/624/1408 1615/618/1467 1614/623/1466 1554/622/1406
f 1558/625/1410 1616/619/1468 1615/618/1467 1556/624/1408
f 1560/626/1412 1617/627/1469 1616/619/1468 1558/625/1410
f 1562/628/1414 1618/629/1470 1617/627/1469 1560/626/1412
f 1620/617/1472 1621/621/1473 1629/621/1481 1628/617/1480
f 1617/627/1469 1618/629/1470 1626/629/1478 1625/627/1477
f 1618/614/1470 1611/615/1463 1619/615/1471 1626/614/1478
f 1613/621/1465 1614/623/1466 1622/623/1474 1621/621/1473
f 1616/619/1468 1617/627/1469 1625/627/1477 1624/619/1476
f 1611/615/1463 1612/617/1464 1620/617/1472 1619/615/1471
f 1614/623/1466 1615/618/1467 1623/618/1475 1622/623/1474
f 1612/617/1464 1613/621/1465 1621/621/1473 1620/617/1472
f 1633/630/1485 1634/637/1486 1627/636/1479 1628/635/1480 1629/634/1481 1630/633/1482 1631/632/1483 1632/631/1484
f 1626/614/1478 1619/615/1471 1627/615/1479 1634/614/1486
f 1625/627/1477 1626/629/1478 1634/629/1486 1633/627/1485
f 1623/618/1475 1624/619/1476 1632/619/1484 1631/618/1483
f 1621/621/1473 1622/623/1474 1630/623/1482 1629/621/1481
f 1619/615/1471 1620/617/1472 1628/617/1480 1627/615/1479
f 1624/619/1476 1625/627/1477 1633/627/1485 1632/619/1484
f 1622/623/1474 1623/618/1475 1631/618/1483 1630/623/1482
f 1580/612/1432 1594/613/1446 1642/614/1494 1635/615/1487
f 1582/616/1434 1580/612/1432 1635/615/1487 1636/617/1488
f 1639/618/1491 1647/618/1499 1648/619/1500 1640/619/1492
f 1584/620/1436 1582/616/1434 1636/617/1488 1637/621/1489
f 1586/622/1438 1584/620/1436 1637/621/1489 1638/623/1490
f 1588/624/1440 1586/622/1438 1638/623/1490 1639/618/1491
f 1590/625/1442 1588/624/1440 1639/618/1491 1640/619/1492
f 1592/626/1444 1590/625/1442 1640/619/1492 1641/627/1493
f 1594/628/1446 1592/626/1444 1641/627/1493 1642/629/1494
f 1644/617/1496 1652/617/1504 1653/621/1505 1645/621/1497
f 1641/627/1493 1649/627/1501 1650/629/1502 1642/629/1494
f 1642/614/1494 1650/614/1502 1643/615/1495 1635/615/1487
f 1637/621/1489 1645/621/1497 1646/623/1498 1638/623/1490
f 1640/619/1492 1648/619/1500 1649/627/1501 1641/627/1493
f 1635/615/1487 1643/615/1495 1644/617/1496 1636/617/1488
f 1638/623/1490 1646/623/1498 1647/618/1499 1639/618/1491
f 1636/617/1488 1644/617/1496 1645/621/1497 1637/621/1489
f 1657/630/1509 1656/631/1508 1655/632/1507 1654/633/1506 1653/634/1505 1652/635/1504 1651/636/1503 1658/637/1510
f 1650/614/1502 1658/614/1510 1651/615/1503 1643/615/1495
f 1649/627/1501 1657/627/1509 1658/629/1510 1650/629/1502
f 1647/618/1499 1655/618/1507 1656/619/1508 1648/619/1500
f 1645/621/1497 1653/621/1505 1654/623/1506 1646/623/1498
f 1643/615/1495 1651/615/1503 1652/617/1504 1644/617/1496
f 1648/619/1500 1656/619/1508 1657/627/1509 1649/627/1501
f 1646/623/1498 1654/623/1506 1655/618/1507 1647/618/1499
o Watch
v -15.976383 7.484406 -16.441618
v -16.143255 7.510815 -16.412888
v -16.246424 7.527167 -16.335228
v -16.365883 7.546114 -16.214268
v -16.442574 7.558290 -16.108057
v -16.480793 7.478272 -15.892874
v -16.442537 7.558461 -15.677763
v -16.365828 7.546369 -15.571554
v -16.246344 7.527518 -15.450603
v -16.143162 7.511228 -15.372950
v -15.976286 7.484841 -15.344227
v -15.809414 7.458431 -15.372959
v -15.705847 7.442015 -15.450615
v -15.586388 7.423068 -15.571575
v -15.509699 7.410873 -15.723988
v -15.483282 7.406626 -15.892937
v -15.509727 7.410740 -16.061884
v -15.586449 7.422813 -16.214291
v -15.705923 7.441665 -16.335241
v -15.809509 7.458018 -16.412897
v -15.916512 7.862890 -16.457756
v -16.088861 7.890167 -16.430113
v -16.196974 7.907302 -16.349903
v -16.320351 7.926871 -16.224977
v -16.399561 7.939447 -16.115274
v -16.419931 8.028915 -15.893099
v -16.399523 7.939623 -15.670856
v -16.320292 7.927135 -15.561157
v -16.196894 7.907665 -15.436235
v -16.088762 7.890594 -15.356033
v -15.916409 7.863339 -15.328402
v -15.744059 7.836063 -15.356045
v -15.635550 7.818865 -15.436249
v -15.512167 7.799296 -15.561182
v -15.432964 7.786700 -15.718596
v -15.405680 7.782313 -15.893091
v -15.432993 7.786563 -16.067587
v -15.512230 7.799032 -16.224997
v -15.635632 7.818502 -16.349920
v -15.744156 7.835637 -16.430122
v -16.406136 7.993666 -15.781982
v -16.460356 7.508196 -15.785316
v -16.460377 7.508111 -16.000462
v -16.406155 7.993578 -16.004192
v -16.421074 7.748844 -16.174217
v -16.421024 7.749067 -15.611755
vn 0.0070 0.0441 0.9990
vn 0.4022 -0.0167 0.9154
vn 0.6521 -0.0562 0.7561
vn 0.6999 -0.0646 0.7114
vn 0.9407 -0.1003 0.3240
vn 0.9939 -0.1102 -0.0000
vn 0.9407 -0.1005 -0.3240
vn 0.6997 -0.0652 -0.7114
vn 0.6519 -0.0568 -0.7561
vn 0.4020 -0.0174 -0.9155
vn 0.0068 0.0433 -0.9990
vn -0.3869 0.1074 -0.9158
vn -0.6370 0.1471 -0.7567
vn -0.7968 0.1732 -0.5789
vn -0.9336 0.1949 -0.3007
vn -0.9793 0.2023 -0.0000
vn -0.9335 0.1952 0.3007
vn -0.7966 0.1736 0.5790
vn -0.6369 0.1477 0.7567
vn -0.3867 0.1081 0.9158
vn 0.4040 -0.0170 0.9146
vn 0.6530 -0.0564 0.7553
vn 0.6997 -0.0646 0.7115
vn 0.9419 -0.1005 0.3204
vn 0.9939 -0.1102 -0.0001
vn 0.9419 -0.1007 -0.3206
vn 0.6996 -0.0652 -0.7116
vn 0.6529 -0.0570 -0.7553
vn 0.4038 -0.0177 -0.9147
vn -0.3887 0.1077 -0.9151
vn -0.6380 0.1472 -0.7559
vn -0.7987 0.1735 -0.5762
vn -0.9343 0.1950 -0.2985
vn -0.9342 0.1953 0.2984
vn -0.7986 0.1739 0.5762
vn -0.6379 0.1478 0.7558
vn -0.3886 0.1084 0.9150
vn 0.9864 -0.1094 -0.1226
vn 0.9864 -0.1093 0.1225
vn 0.9116 -0.0955 0.3999
vn 0.9115 -0.0958 -0.4000
vt 0.096933 0.131371
vt 0.063897 0.132782
vt 0.064979 0.140478
vt 0.080802 0.141432
vt 0.097980 0.138822
vt 0.096509 0.044674
vt 0.063464 0.042816
vt 0.062450 0.059922
vt 0.095529 0.061032
vt 0.026681 0.143909
vt 0.059693 0.145849
vt 0.060596 0.132545
vt 0.027541 0.131060
vt 0.724038 0.608887
vt 0.674044 0.567016
vt 0.612585 0.583603
vt 0.586639 0.632427
vt 0.566277 0.682345
vt 0.728209 0.714101
vt 0.729087 0.662076
vt 0.061919 0.084249
vt 0.094994 0.084642
vt 0.061531 0.112823
vt 0.028446 0.111966
vt 0.566277 0.736256
vt 0.571861 0.791263
vt 0.622502 0.829834
vt 0.684608 0.809947
vt 0.709372 0.762605
vt 0.061919 0.089645
vt 0.028822 0.089525
vt 0.097980 0.119487
vt 0.115105 0.118429
vt 0.131033 0.120999
vt 0.131718 0.107005
vt 0.098643 0.105938
vt 0.061723 0.065279
vt 0.028632 0.065933
vt 0.132345 0.086540
vt 0.099251 0.086124
vt 0.061987 0.107003
vt 0.095081 0.106616
vt 0.060961 0.042110
vt 0.027894 0.043501
vt 0.132615 0.069457
vt 0.099518 0.069789
vt 0.062710 0.119486
vt 0.095783 0.118497
vt 0.059709 0.022406
vt 0.026681 0.024423
vt 0.132085 0.045130
vt 0.099024 0.046179
vt 0.097980 0.024913
vt 0.064983 0.022406
vt 0.131025 0.022406
vt 0.097980 0.024234
s 1
usemtl Watch
f 1662/638/1514 1682/639/1533 1683/640/1534 1703/641/1550 1663/642/1515
f 1677/643/1529 1697/644/1546 1698/645/1547 1678/646/1530
f 1670/647/1522 1690/648/1540 1691/649/1541 1671/650/1523
f 1663/651/1515 1703/652/1550 1683/653/1534 1702/654/1549 1684/655/1535 1664/656/1516 1701/657/1549
f 1678/646/1530 1698/645/1547 1679/658/1511 1659/659/1511
f 1671/650/1523 1691/649/1541 1692/660/1542 1672/661/1524
f 1664/656/1516 1684/655/1535 1699/662/1548 1685/663/1536 1704/664/1551 1665/665/1517 1700/666/1548
f 1672/661/1524 1692/660/1542 1693/667/1543 1673/668/1525
f 1665/669/1517 1704/670/1551 1685/671/1536 1686/672/1537 1666/673/1518
f 1673/668/1525 1693/667/1543 1694/674/1526 1674/675/1526
f 1666/673/1518 1686/672/1537 1687/676/1538 1667/677/1519
f 1659/659/1511 1679/658/1511 1680/678/1531 1660/679/1512
f 1674/675/1526 1694/674/1526 1695/680/1544 1675/681/1527
f 1667/677/1519 1687/676/1538 1688/682/1539 1668/683/1520
f 1660/679/1512 1680/678/1531 1681/684/1532 1661/685/1513
f 1675/681/1527 1695/680/1544 1696/686/1545 1676/687/1528
f 1668/683/1520 1688/682/1539 1689/688/1521 1669/689/1521
f 1661/685/1513 1681/684/1532 1682/639/1533 1662/638/1514
f 1676/690/1528 1696/691/1545 1697/644/1546 1677/643/1529
f 1669/689/1521 1689/688/1521 1690/692/1540 1670/693/1522
